[Licensing::Module] Trying to connect to existing licensing client channel...
Built from '6000.3/staging' branch; Version is '6000.3.21f1 (c02631ffc030) revision 12592689'; Using compiler version '194234433'; Build Type 'Release'
OS: 'Windows 11  (10.0.26200) Core' Language: 'en' Physical Memory: 16044 MB
BatchMode: 1, IsHumanControllingUs: 0, StartBugReporterOnCrash: 0, Is64bit: 1
System  architecture: x64
Process architecture: x64
[Licensing::IpcConnector] Successfully connected to: "LicenseClient-Herman (School)" at "2026-08-31T17:46:48.7809165Z"
Date: 2026-08-31T17:46:48Z

COMMAND LINE ARGUMENTS:
H:\Unity\Unity Hub\Editors\Editor\Unity.exe
-adb2
-batchMode
-noUpm
-name
AssetImportWorker0
-projectPath
H:/Github/CIT324Assignment1/CIT324Assignment1
-logFile
Logs/AssetImportWorker0.log
-srvPort
54576
-parentPid
13952
-analyticsCloudUserId
anonymous
-analyticsLocalProjectId
a615c64d8e4e2e54ca326d98f2c44d5f
-editorAnalyticsEnabled
1
-cbmEditorLicense
6e0ea80244567074f2f4aec17b39b90f3619bcc7
-cbmMachineId
tK1C4TYcEgOqncf/Axhh+O+/llc=
-job-worker-count
9
-background-job-worker-count
8
-gc-helper-count
1
-name
AssetImport
Successfully changed project path to: H:/Github/CIT324Assignment1/CIT324Assignment1
H:/Github/CIT324Assignment1/CIT324Assignment1
[UnityMemory] Configuration Parameters - Can be set up in boot.config
    "memorysetup-temp-allocator-size-nav-mesh-worker=65536"
    "memorysetup-temp-allocator-size-audio-worker=65536"
    "memorysetup-temp-allocator-size-gfx=262144"
    "memorysetup-allocator-temp-initial-block-size-main=262144"
    "memorysetup-allocator-temp-initial-block-size-worker=262144"
    "memorysetup-temp-allocator-size-background-worker=32768"
    "memorysetup-temp-allocator-size-job-worker=262144"
    "memorysetup-temp-allocator-size-preload-manager=33554432"
    "memorysetup-temp-allocator-size-gi-baking-worker=262144"
    "memorysetup-temp-allocator-size-gi-baking-worker=262144"
    "memorysetup-temp-allocator-size-gi-baking-worker=262144"
    "memorysetup-temp-allocator-size-gi-baking-worker=262144"
    "memorysetup-temp-allocator-size-gi-baking-worker=262144"
    "memorysetup-bucket-allocator-granularity=16"
    "memorysetup-bucket-allocator-bucket-count=8"
    "memorysetup-bucket-allocator-block-size=33554432"
    "memorysetup-bucket-allocator-block-count=8"
    "memorysetup-main-allocator-block-size=16777216"
    "memorysetup-thread-allocator-block-size=16777216"
    "memorysetup-gfx-main-allocator-block-size=16777216"
    "memorysetup-gfx-thread-allocator-block-size=16777216"
    "memorysetup-cache-allocator-block-size=4194304"
    "memorysetup-typetree-allocator-block-size=2097152"
    "memorysetup-profiler-bucket-allocator-granularity=16"
    "memorysetup-profiler-bucket-allocator-bucket-count=8"
    "memorysetup-profiler-bucket-allocator-block-size=33554432"
    "memorysetup-profiler-bucket-allocator-block-count=8"
    "memorysetup-profiler-allocator-block-size=16777216"
    "memorysetup-profiler-editor-allocator-block-size=1048576"
    "memorysetup-temp-allocator-size-main=16777216"
    "memorysetup-job-temp-allocator-block-size=2097152"
    "memorysetup-job-temp-allocator-block-size-background=1048576"
    "memorysetup-job-temp-allocator-reduction-small-platforms=262144"
    "memorysetup-temp-allocator-size-cloud-worker=32768"
Player connection [31860]  Target information:

Player connection [31860]  * "[IP] 192.168.253.1 [Port] 0 [Flags] 2 [Guid] 1652151157 [EditorId] 1652151157 [Version] 1048832 [Id] WindowsEditor(7,Orion) [Debug] 1 [PackageName] WindowsEditor [ProjectName] Editor" 

Player connection [31860]  * "[IP] 192.168.100.1 [Port] 0 [Flags] 2 [Guid] 1652151157 [EditorId] 1652151157 [Version] 1048832 [Id] WindowsEditor(7,Orion) [Debug] 1 [PackageName] WindowsEditor [ProjectName] Editor" 

Player connection [31860]  * "[IP] 172.27.208.1 [Port] 0 [Flags] 2 [Guid] 1652151157 [EditorId] 1652151157 [Version] 1048832 [Id] WindowsEditor(7,Orion) [Debug] 1 [PackageName] WindowsEditor [ProjectName] Editor" 

Player connection [31860]  * "[IP] 10.7.130.96 [Port] 0 [Flags] 2 [Guid] 1652151157 [EditorId] 1652151157 [Version] 1048832 [Id] WindowsEditor(7,Orion) [Debug] 1 [PackageName] WindowsEditor [ProjectName] Editor" 

Player connection [31860] Host joined multi-casting on [225.0.0.222:54997]...
Player connection [31860] Host joined alternative multi-casting on [225.0.0.222:34997]...
JobSystem: Creating JobQueue using job-worker-count value 9
Input System module state changed to: Initialized.
[Physics::Module] Initialized fallback backend.
[Physics::Module] Id: 0xdecafbad
Library Redirect Path: Library/
[Physics::Module] Selected backend.
[Physics::Module] Name: PhysX
[Physics::Module] Id: 0xf2b8ea05
[Physics::Module] SDK Version: 4.1.2
[Physics::Module] Integration Version: 1.0.0
[Physics::Module] Threading Mode: Multi-Threaded
Refreshing native plugins compatible for Editor in 4.03 ms, found 4 plugins.
Preloading 0 native plugins for Editor in 0.00 ms.
Initialize engine version: 6000.3.21f1 (c02631ffc030)
[Subsystems] Discovering subsystems at path H:/Unity/Unity Hub/Editors/Editor/Data/Resources/UnitySubsystems
[Subsystems] Discovering subsystems at path H:/Github/CIT324Assignment1/CIT324Assignment1/Assets
GfxDevice: creating device client; kGfxThreadingModeNonThreaded
d3d12: failed to query info queue interface (0x80004002).
Direct3D:
    Version:         Direct3D 12 [level 12.2]
    Renderer:        NVIDIA GeForce RTX 3070 Ti Laptop GPU (ID=0x24a0)
    Vendor:          NVIDIA
    VRAM:            8018 MB
    App VRAM Budget: 7250 MB
    Driver:          32.0.15.8088
Initialize mono
Mono path[0] = 'H:/Unity/Unity Hub/Editors/Editor/Data/Managed'
Mono path[1] = 'H:/Unity/Unity Hub/Editors/Editor/Data/MonoBleedingEdge/lib/mono/unityjit-win32'
Mono config path = 'H:/Unity/Unity Hub/Editors/Editor/Data/MonoBleedingEdge/etc'
Using monoOptions --debugger-agent=transport=dt_socket,embedding=1,server=y,suspend=n,address=127.0.0.1:56284
Begin MonoManager ReloadAssembly
[Licensing::Client] Error: HandshakeResponse reported an error:
	ResponseCode: 505
	ResponseStatus: Unsupported protocol version '1.18.1'.
[Licensing::Module] Error: Failed to handshake to channel: "LicenseClient-Herman (School)"
[Licensing::IpcConnector] LicenseClient-Herman (School) channel disconnected successfully.
[Licensing::IpcConnector] Successfully connected to: "LicenseClient-Herman (School)-6000.3.21" at "2026-08-31T17:46:50.1308182Z"
[Licensing::Client] Code 10 while verifying Licensing Client signature (process Id: 24120, path: "H:/Unity/Unity Hub/Editors/Editor/Data/Resources/Licensing/Client/Unity.Licensing.Client.exe")
[Licensing::Module] LicensingClient has failed validation; ignoring
[Licensing::Client] Handshaking with LicensingClient:
  Version:                 1.18.1+9fbee8e
  Session Id:              62f2d10b9fd447d5b6dbdf0e9ead7d31
  Correlation Id:          cdce6bc014a633a6ccd4c11465f8ab5d
  External correlation Id: 7812195790748143353
  Machine Id:              tK1C4TYcEgOqncf/Axhh+O+/llc=
[Licensing::Module] Successfully connected to LicensingClient on channel: "LicenseClient-Herman (School)-6000.3.21" (connect: 0.00s, validation: 0.00s, handshake: 0.01s)
[Licensing::IpcConnector] Successfully connected to: "LicenseClient-Herman (School)-6000.3.21-notifications" at "2026-08-31T17:46:50.1421688Z"
[Licensing::Module] Licensing Background thread has ended after 1.36s
Registering precompiled unity dll's ...
Register platform support module: H:/Unity/Unity Hub/Editors/Editor/Data/PlaybackEngines/WindowsStandaloneSupport/UnityEditor.WindowsStandalone.Extensions.dll
Registered in 0.001250 seconds.
- Loaded All Assemblies, in  0.479 seconds
Native extension for WindowsStandalone target not found
Package Manager log level set to [2]
[Package Manager] Failed to launch server process. Reason: Unity was launched with the -noUpm command-line argument
[Package Manager] Unable to send message (not connected to server process).
[Package Manager] Cannot connect to Unity Package Manager local server
ScheduleIndexationOnStartup MainProcess:False IndexOnStartup:True
Mono: successfully reloaded assembly
- Finished resetting the current domain, in  0.466 seconds
Domain Reload Profiling: 945ms
	BeginReloadAssembly (159ms)
		ExecutionOrderSort (0ms)
		DisableScriptedObjects (0ms)
		BackupInstance (0ms)
		ReleaseScriptingObjects (0ms)
		CreateAndSetChildDomain (1ms)
	RebuildCommonClasses (54ms)
	RebuildNativeTypeToScriptingClass (14ms)
	initialDomainReloadingComplete (46ms)
	LoadAllAssembliesAndSetupDomain (205ms)
		LoadAssemblies (158ms)
		RebuildTransferFunctionScriptingTraits (0ms)
		AnalyzeDomain (202ms)
			TypeCache.Refresh (200ms)
				TypeCache.ScanAssembly (185ms)
			BuildScriptInfoCaches (0ms)
			ResolveRequiredComponents (1ms)
	FinalizeReload (466ms)
		ReleaseScriptCaches (0ms)
		RebuildScriptCaches (0ms)
		SetupLoadedEditorAssemblies (414ms)
			LogAssemblyErrors (0ms)
			InitializePlatformSupportModulesInManaged (50ms)
			SetLoadedEditorAssemblies (4ms)
			BeforeProcessingInitializeOnLoad (85ms)
			ProcessInitializeOnLoadAttributes (183ms)
			ProcessInitializeOnLoadMethodAttributes (92ms)
			AfterProcessingInitializeOnLoad (0ms)
			EditorAssembliesLoaded (0ms)
		ExecutionOrderSort2 (0ms)
		AwakeInstancesAfterBackupRestoration (0ms)
[Licensing::Client] Successfully resolved entitlement details
[Licensing::Module] License group:
  Id: 2474143278441-UnityPersXXXX
  Product: Unity Personal
  Type: Assigned
  Expiration: Unlimited
========================================================================
Worker process is ready to serve import requests
Import Worker Mode flag is 0x00
Begin MonoManager ReloadAssembly
- Loaded All Assemblies, in  0.969 seconds
Refreshing native plugins compatible for Editor in 1.48 ms, found 4 plugins.
Native extension for WindowsStandalone target not found
[Package Manager] Failed to launch server process. Reason: Unity was launched with the -noUpm command-line argument
[Package Manager] Unable to send message (not connected to server process).
[Package Manager] Cannot connect to Unity Package Manager local server
Refreshing native plugins compatible for Editor in 1.07 ms, found 4 plugins.
[Package Manager] Failed to launch server process. Reason: Unity was launched with the -noUpm command-line argument
[Package Manager] Unable to send message (not connected to server process).
[Package Manager] Cannot connect to Unity Package Manager local server
ScheduleIndexationOnStartup MainProcess:False IndexOnStartup:True
Mono: successfully reloaded assembly
- Finished resetting the current domain, in  0.967 seconds
Domain Reload Profiling: 1935ms
	BeginReloadAssembly (204ms)
		ExecutionOrderSort (0ms)
		DisableScriptedObjects (6ms)
		BackupInstance (0ms)
		ReleaseScriptingObjects (0ms)
		CreateAndSetChildDomain (31ms)
	RebuildCommonClasses (44ms)
	RebuildNativeTypeToScriptingClass (14ms)
	initialDomainReloadingComplete (39ms)
	LoadAllAssembliesAndSetupDomain (666ms)
		LoadAssemblies (443ms)
		RebuildTransferFunctionScriptingTraits (0ms)
		AnalyzeDomain (346ms)
			TypeCache.Refresh (232ms)
				TypeCache.ScanAssembly (214ms)
			BuildScriptInfoCaches (98ms)
			ResolveRequiredComponents (10ms)
	FinalizeReload (967ms)
		ReleaseScriptCaches (0ms)
		RebuildScriptCaches (0ms)
		SetupLoadedEditorAssemblies (711ms)
			LogAssemblyErrors (0ms)
			InitializePlatformSupportModulesInManaged (2ms)
			SetLoadedEditorAssemblies (4ms)
			BeforeProcessingInitializeOnLoad (169ms)
			ProcessInitializeOnLoadAttributes (464ms)
			ProcessInitializeOnLoadMethodAttributes (70ms)
			AfterProcessingInitializeOnLoad (2ms)
			EditorAssembliesLoaded (0ms)
		ExecutionOrderSort2 (0ms)
		AwakeInstancesAfterBackupRestoration (9ms)
Launched and connected shader compiler UnityShaderCompiler.exe after 0.02 seconds
Refreshing native plugins compatible for Editor in 1.17 ms, found 4 plugins.
Preloading 0 native plugins for Editor in 0.00 ms.
Unloading 16 Unused Serialized files (Serialized files now loaded: 0)
Curl error 3: URL rejected: Malformed input to a URL function
Unloading 6468 unused Assets / (5.7 MB). Loaded Objects now: 7263.
Memory consumption went from 162.9 MB to 157.2 MB.
Total: 13.648400 ms (FindLiveObjects: 1.161000 ms CreateObjectMapping: 0.849300 ms MarkObjects: 8.060900 ms  DeleteObjects: 3.574900 ms)

========================================================================
Received Import Request.
  Time since last request: 344421.790599 seconds.
  path: Packages/com.unity.collab-proxy/Editor/AssetOverlays/DrawAssetOverlayIcon.cs
  artifactKey: Guid(a92f7c4434405984a811b4e7c316594e) Importer(2089858483,b0f066a214c2f5e87bad3c948f4d605d)
Start importing Packages/com.unity.collab-proxy/Editor/AssetOverlays/DrawAssetOverlayIcon.cs using Guid(a92f7c4434405984a811b4e7c316594e) Importer(2089858483,b0f066a214c2f5e87bad3c948f4d605d) (ScriptedImporter) -> (artifact id: 'fb0a7fd87cb81e5b9599d3a034f0de7e') in 0.1196444 seconds
Number of updated asset objects reloaded before import = 0Number of asset objects unloaded after import = 0

========================================================================
Received Import Request.
  Time since last request: 0.000031 seconds.
  path: Packages/com.unity.collab-proxy/Editor/AssetOverlays/AssetOverlay.cs
  artifactKey: Guid(408f89d90a01494cbef838c7d21449a9) Importer(2089858483,b0f066a214c2f5e87bad3c948f4d605d)
Start importing Packages/com.unity.collab-proxy/Editor/AssetOverlays/AssetOverlay.cs using Guid(408f89d90a01494cbef838c7d21449a9) Importer(2089858483,b0f066a214c2f5e87bad3c948f4d605d) (ScriptedImporter) -> (artifact id: '867d4cb4bb2374dcfbf0dec78aac1576') in 0.017531 seconds
Number of updated asset objects reloaded before import = 0Number of asset objects unloaded after import = 0

========================================================================
Received Import Request.
  Time since last request: 0.000028 seconds.
  path: Assets/Perlin.cs
  artifactKey: Guid(8fbf01b32e270bb44a43ff230840e79b) Importer(2089858483,b0f066a214c2f5e87bad3c948f4d605d)
Start importing Assets/Perlin.cs using Guid(8fbf01b32e270bb44a43ff230840e79b) Importer(2089858483,b0f066a214c2f5e87bad3c948f4d605d) (ScriptedImporter) -> (artifact id: '395b40ff622b56ee9e1329bfc23a4dcc') in 0.0172473 seconds
Number of updated asset objects reloaded before import = 0Number of asset objects unloaded after import = 0

========================================================================
Received Import Request.
  Time since last request: 0.000042 seconds.
  path: Packages/com.unity.collab-proxy/Editor/AssetMenu/HierarchyViewAssetSelection.cs
  artifactKey: Guid(19397b4b199145c5bd9ee8c1c7d5938d) Importer(2089858483,b0f066a214c2f5e87bad3c948f4d605d)
Start importing Packages/com.unity.collab-proxy/Editor/AssetMenu/HierarchyViewAssetSelection.cs using Guid(19397b4b199145c5bd9ee8c1c7d5938d) Importer(2089858483,b0f066a214c2f5e87bad3c948f4d605d) (ScriptedImporter) -> (artifact id: '162b6956db65bf44cd49ad0de31b2b2d') in 0.0161246 seconds
Number of updated asset objects reloaded before import = 0Number of asset objects unloaded after import = 0

========================================================================
Received Import Request.
  Time since last request: 0.000041 seconds.
  path: Packages/com.unity.collab-proxy/Editor/SwitchUVCSPlugin.cs
  artifactKey: Guid(7b85d37b2f076804f8b93f821d6ff88e) Importer(2089858483,b0f066a214c2f5e87bad3c948f4d605d)
Start importing Packages/com.unity.collab-proxy/Editor/SwitchUVCSPlugin.cs using Guid(7b85d37b2f076804f8b93f821d6ff88e) Importer(2089858483,b0f066a214c2f5e87bad3c948f4d605d) (ScriptedImporter) -> (artifact id: '27d00c6687bfdf124896ed4b4331c1eb') in 0.0162913 seconds
Number of updated asset objects reloaded before import = 0Number of asset objects unloaded after import = 0

========================================================================
Received Import Request.
  Time since last request: 0.000023 seconds.
  path: Packages/com.unity.collab-proxy/Editor/Execute.cs
  artifactKey: Guid(d7093db72592417cb57b7bd64a17ecff) Importer(2089858483,b0f066a214c2f5e87bad3c948f4d605d)
Start importing Packages/com.unity.collab-proxy/Editor/Execute.cs using Guid(d7093db72592417cb57b7bd64a17ecff) Importer(2089858483,b0f066a214c2f5e87bad3c948f4d605d) (ScriptedImporter) -> (artifact id: '1bc627c28ff708faf2871867bc6bec61') in 0.015286 seconds
Number of updated asset objects reloaded before import = 0Number of asset objects unloaded after import = 0

========================================================================
Received Import Request.
  Time since last request: 0.000025 seconds.
  path: Packages/com.unity.collab-proxy/Editor/AssetMenu/AssetCopyPathOperation.cs
  artifactKey: Guid(d2a9f8ad3405465db8e62d36f2686b68) Importer(2089858483,b0f066a214c2f5e87bad3c948f4d605d)
Start importing Packages/com.unity.collab-proxy/Editor/AssetMenu/AssetCopyPathOperation.cs using Guid(d2a9f8ad3405465db8e62d36f2686b68) Importer(2089858483,b0f066a214c2f5e87bad3c948f4d605d) (ScriptedImporter) -> (artifact id: '2a014f827b8f32e5544b267b7f041c59') in 0.0169783 seconds
Number of updated asset objects reloaded before import = 0Number of asset objects unloaded after import = 0

========================================================================
Received Import Request.
  Time since last request: 0.000024 seconds.
  path: Assets/Scenes/SampleScene.unity
  artifactKey: Guid(99c9720ab356a0642a771bea13969a05) Importer(2089858483,b0f066a214c2f5e87bad3c948f4d605d)
Start importing Assets/Scenes/SampleScene.unity using Guid(99c9720ab356a0642a771bea13969a05) Importer(2089858483,b0f066a214c2f5e87bad3c948f4d605d) (ScriptedImporter) -> (artifact id: '7923daddefff0aa1a72e757029284d6e') in 0.022652 seconds
Number of updated asset objects reloaded before import = 0Number of asset objects unloaded after import = 1

========================================================================
Received Import Request.
  Time since last request: 0.000049 seconds.
  path: Packages/com.unity.collab-proxy/Editor/UVCSConnectionMonitor.cs
  artifactKey: Guid(9019d1f6d4a14cb49a269dbffb6ea011) Importer(2089858483,b0f066a214c2f5e87bad3c948f4d605d)
Start importing Packages/com.unity.collab-proxy/Editor/UVCSConnectionMonitor.cs using Guid(9019d1f6d4a14cb49a269dbffb6ea011) Importer(2089858483,b0f066a214c2f5e87bad3c948f4d605d) (ScriptedImporter) -> (artifact id: '74d10711f29484dd936ac1b2d93a8c1c') in 0.0153713 seconds
Number of updated asset objects reloaded before import = 0Number of asset objects unloaded after import = 0

========================================================================
Received Import Request.
  Time since last request: 0.000024 seconds.
  path: Packages/com.unity.collab-proxy/Editor/GetRelativePath.cs
  artifactKey: Guid(4af85446b06bf694a966f280918beb31) Importer(2089858483,b0f066a214c2f5e87bad3c948f4d605d)
Start importing Packages/com.unity.collab-proxy/Editor/GetRelativePath.cs using Guid(4af85446b06bf694a966f280918beb31) Importer(2089858483,b0f066a214c2f5e87bad3c948f4d605d) (ScriptedImporter) -> (artifact id: 'cc578e024f1c4d7a2f7d7e1452d4685c') in 0.0173363 seconds
Number of updated asset objects reloaded before import = 0Number of asset objects unloaded after import = 0

========================================================================
Received Import Request.
  Time since last request: 0.000021 seconds.
  path: Packages/com.unity.collab-proxy/Editor/PlasticApp.cs
  artifactKey: Guid(608f66b5adac272459273ddaf3e4db5d) Importer(2089858483,b0f066a214c2f5e87bad3c948f4d605d)
Start importing Packages/com.unity.collab-proxy/Editor/PlasticApp.cs using Guid(608f66b5adac272459273ddaf3e4db5d) Importer(2089858483,b0f066a214c2f5e87bad3c948f4d605d) (ScriptedImporter) -> (artifact id: '10a4fd2ea19e36751c1a112b41f6a02c') in 0.0204513 seconds
Number of updated asset objects reloaded before import = 0Number of asset objects unloaded after import = 0

========================================================================
Received Import Request.
  Time since last request: 0.000020 seconds.
  path: Packages/com.unity.collab-proxy/Editor/UnityObjectInstance.cs
  artifactKey: Guid(0871efd99e5c46ed90fdb02d5e69df2d) Importer(2089858483,b0f066a214c2f5e87bad3c948f4d605d)
Start importing Packages/com.unity.collab-proxy/Editor/UnityObjectInstance.cs using Guid(0871efd99e5c46ed90fdb02d5e69df2d) Importer(2089858483,b0f066a214c2f5e87bad3c948f4d605d) (ScriptedImporter) -> (artifact id: '13bffbad68e04020a5be155b78d8ba03') in 0.0136653 seconds
Number of updated asset objects reloaded before import = 0Number of asset objects unloaded after import = 0

========================================================================
Received Import Request.
  Time since last request: 0.000025 seconds.
  path: Packages/com.unity.collab-proxy/README.md
  artifactKey: Guid(c10740cd62ccaf54c8880da0a3f4d10f) Importer(2089858483,b0f066a214c2f5e87bad3c948f4d605d)
Start importing Packages/com.unity.collab-proxy/README.md using Guid(c10740cd62ccaf54c8880da0a3f4d10f) Importer(2089858483,b0f066a214c2f5e87bad3c948f4d605d) (ScriptedImporter) -> (artifact id: '99578ed50c7188415e2378d1540cda94') in 0.0151424 seconds
Number of updated asset objects reloaded before import = 0Number of asset objects unloaded after import = 1

========================================================================
Received Import Request.
  Time since last request: 0.000036 seconds.
  path: Packages/com.unity.collab-proxy/Editor/AssetMenu/HierarchyViewAssetMenu.cs
  artifactKey: Guid(c50ac3c60fd045b38f5449bb43db257d) Importer(2089858483,b0f066a214c2f5e87bad3c948f4d605d)
Start importing Packages/com.unity.collab-proxy/Editor/AssetMenu/HierarchyViewAssetMenu.cs using Guid(c50ac3c60fd045b38f5449bb43db257d) Importer(2089858483,b0f066a214c2f5e87bad3c948f4d605d) (ScriptedImporter) -> (artifact id: '9ba72b4ad60917b12a0a935af3440505') in 0.0177437 seconds
Number of updated asset objects reloaded before import = 0Number of asset objects unloaded after import = 0

========================================================================
Received Import Request.
  Time since last request: 0.000032 seconds.
  path: Assets/TutorialInfo/Layout.wlt
  artifactKey: Guid(eabc9546105bf4accac1fd62a63e88e6) Importer(2089858483,b0f066a214c2f5e87bad3c948f4d605d)
Start importing Assets/TutorialInfo/Layout.wlt using Guid(eabc9546105bf4accac1fd62a63e88e6) Importer(2089858483,b0f066a214c2f5e87bad3c948f4d605d) (ScriptedImporter) -> (artifact id: '7e3d487baae723ef684277b09697665c') in 0.0141021 seconds
Number of updated asset objects reloaded before import = 0Number of asset objects unloaded after import = 1

========================================================================
Received Import Request.
  Time since last request: 0.000036 seconds.
  path: Packages/com.unity.collab-proxy/Editor/CloudDrive/CloudDrivePlugin.cs
  artifactKey: Guid(e34298b6d08a46c4191e87726f21c0e5) Importer(2089858483,b0f066a214c2f5e87bad3c948f4d605d)
Start importing Packages/com.unity.collab-proxy/Editor/CloudDrive/CloudDrivePlugin.cs using Guid(e34298b6d08a46c4191e87726f21c0e5) Importer(2089858483,b0f066a214c2f5e87bad3c948f4d605d) (ScriptedImporter) -> (artifact id: 'd545451cb508fe14e5de6c87e40fbace') in 0.0201559 seconds
Number of updated asset objects reloaded before import = 0Number of asset objects unloaded after import = 0

========================================================================
Received Import Request.
  Time since last request: 0.000031 seconds.
  path: Packages/com.unity.collab-proxy/Editor/VisualElementExtensions.cs
  artifactKey: Guid(e9e00039daba468c8a0dbcffa3506c1d) Importer(2089858483,b0f066a214c2f5e87bad3c948f4d605d)
Start importing Packages/com.unity.collab-proxy/Editor/VisualElementExtensions.cs using Guid(e9e00039daba468c8a0dbcffa3506c1d) Importer(2089858483,b0f066a214c2f5e87bad3c948f4d605d) (ScriptedImporter) -> (artifact id: '7cbfa80d8389a260dc0b43750bd41c20') in 0.0159311 seconds
Number of updated asset objects reloaded before import = 0Number of asset objects unloaded after import = 0

========================================================================
Received Import Request.
  Time since last request: 0.000033 seconds.
  path: Packages/com.unity.collab-proxy/Editor/AssetOverlays/AssetStatus.cs
  artifactKey: Guid(062535eac3e5dd1409b6a50b0d043e2c) Importer(2089858483,b0f066a214c2f5e87bad3c948f4d605d)
Start importing Packages/com.unity.collab-proxy/Editor/AssetOverlays/AssetStatus.cs using Guid(062535eac3e5dd1409b6a50b0d043e2c) Importer(2089858483,b0f066a214c2f5e87bad3c948f4d605d) (ScriptedImporter) -> (artifact id: '9cda92a708e36df799516f3c5fe0be61') in 0.0182153 seconds
Number of updated asset objects reloaded before import = 0Number of asset objects unloaded after import = 0

========================================================================
Received Import Request.
  Time since last request: 0.000029 seconds.
  path: Assets/Settings/SampleSceneProfile.asset
  artifactKey: Guid(10fc4df2da32a41aaa32d77bc913491c) Importer(2089858483,b0f066a214c2f5e87bad3c948f4d605d)
Start importing Assets/Settings/SampleSceneProfile.asset using Guid(10fc4df2da32a41aaa32d77bc913491c) Importer(2089858483,b0f066a214c2f5e87bad3c948f4d605d) (ScriptedImporter) -> (artifact id: '31fa5f995dca7c0fa48c189a884ecdb2') in 0.0292812 seconds
Number of updated asset objects reloaded before import = 0Number of asset objects unloaded after import = 1

========================================================================
Received Import Request.
  Time since last request: 0.000020 seconds.
  path: Assets/TutorialInfo/Scripts/Readme.cs
  artifactKey: Guid(fcf7219bab7fe46a1ad266029b2fee19) Importer(2089858483,b0f066a214c2f5e87bad3c948f4d605d)
Start importing Assets/TutorialInfo/Scripts/Readme.cs using Guid(fcf7219bab7fe46a1ad266029b2fee19) Importer(2089858483,b0f066a214c2f5e87bad3c948f4d605d) (ScriptedImporter) -> (artifact id: 'be21fef471b223aee7da18abe8d845eb') in 0.0191618 seconds
Number of updated asset objects reloaded before import = 0Number of asset objects unloaded after import = 0

========================================================================
Received Import Request.
  Time since last request: 0.000023 seconds.
  path: Packages/com.unity.collab-proxy/Editor/VCSBuiltInPlugin.cs
  artifactKey: Guid(7aad121cec1867b4493b3b31bc5c8a26) Importer(2089858483,b0f066a214c2f5e87bad3c948f4d605d)
Start importing Packages/com.unity.collab-proxy/Editor/VCSBuiltInPlugin.cs using Guid(7aad121cec1867b4493b3b31bc5c8a26) Importer(2089858483,b0f066a214c2f5e87bad3c948f4d605d) (ScriptedImporter) -> (artifact id: '89ad482c390e2bff369875894134f2ed') in 0.0214218 seconds
Number of updated asset objects reloaded before import = 0Number of asset objects unloaded after import = 0

========================================================================
Received Import Request.
  Time since last request: 0.000025 seconds.
  path: Assets/Settings/Mobile_RPAsset.asset
  artifactKey: Guid(5e6cbd92db86f4b18aec3ed561671858) Importer(2089858483,b0f066a214c2f5e87bad3c948f4d605d)
Start importing Assets/Settings/Mobile_RPAsset.asset using Guid(5e6cbd92db86f4b18aec3ed561671858) Importer(2089858483,b0f066a214c2f5e87bad3c948f4d605d) (ScriptedImporter) -> (artifact id: '72501fff13af2c6165004c1a5d7d5448') in 0.1256989 seconds
Number of updated asset objects reloaded before import = 0Number of asset objects unloaded after import = 2

========================================================================
Received Import Request.
  Time since last request: 0.000031 seconds.
  path: Packages/com.unity.collab-proxy/Editor/HierarchyExtensions.cs
  artifactKey: Guid(b43c91410e1046b58c07a72471ccfd85) Importer(2089858483,b0f066a214c2f5e87bad3c948f4d605d)
Start importing Packages/com.unity.collab-proxy/Editor/HierarchyExtensions.cs using Guid(b43c91410e1046b58c07a72471ccfd85) Importer(2089858483,b0f066a214c2f5e87bad3c948f4d605d) (ScriptedImporter) -> (artifact id: '441dc7f37e22408a012ae54d92dd7ecc') in 0.016475 seconds
Number of updated asset objects reloaded before import = 0Number of asset objects unloaded after import = 0

========================================================================
Received Import Request.
  Time since last request: 0.000020 seconds.
  path: Assets/Readme.asset
  artifactKey: Guid(8105016687592461f977c054a80ce2f2) Importer(2089858483,b0f066a214c2f5e87bad3c948f4d605d)
Start importing Assets/Readme.asset using Guid(8105016687592461f977c054a80ce2f2) Importer(2089858483,b0f066a214c2f5e87bad3c948f4d605d) (ScriptedImporter) -> (artifact id: 'f4c08ac2272decf7330b7c862e51028e') in 0.0236494 seconds
Number of updated asset objects reloaded before import = 0Number of asset objects unloaded after import = 2

========================================================================
Received Import Request.
  Time since last request: 0.000032 seconds.
  path: Assets/Settings/DefaultVolumeProfile.asset
  artifactKey: Guid(ab09877e2e707104187f6f83e2f62510) Importer(2089858483,b0f066a214c2f5e87bad3c948f4d605d)
Start importing Assets/Settings/DefaultVolumeProfile.asset using Guid(ab09877e2e707104187f6f83e2f62510) Importer(2089858483,b0f066a214c2f5e87bad3c948f4d605d) (ScriptedImporter) -> (artifact id: '0e91ace731dcba654675dd2432e6641a') in 0.01846 seconds
Number of updated asset objects reloaded before import = 0Number of asset objects unloaded after import = 0

========================================================================
Received Import Request.
  Time since last request: 0.000021 seconds.
  path: Packages/com.unity.collab-proxy/Editor/CloudDrive/WindowStatusBar.cs
  artifactKey: Guid(bdab12da216948e2a24b90b910e519c0) Importer(2089858483,b0f066a214c2f5e87bad3c948f4d605d)
Start importing Packages/com.unity.collab-proxy/Editor/CloudDrive/WindowStatusBar.cs using Guid(bdab12da216948e2a24b90b910e519c0) Importer(2089858483,b0f066a214c2f5e87bad3c948f4d605d) (ScriptedImporter) -> (artifact id: 'dbff708b6c40c67db6c5aea933a19564') in 0.0160586 seconds
Number of updated asset objects reloaded before import = 0Number of asset objects unloaded after import = 0

========================================================================
Received Import Request.
  Time since last request: 0.000026 seconds.
  path: Packages/com.unity.collab-proxy/Editor/RecommendToEnableManualCheckout.cs
  artifactKey: Guid(193169bf9ce845319ec19a5beb1f3afb) Importer(2089858483,b0f066a214c2f5e87bad3c948f4d605d)
Start importing Packages/com.unity.collab-proxy/Editor/RecommendToEnableManualCheckout.cs using Guid(193169bf9ce845319ec19a5beb1f3afb) Importer(2089858483,b0f066a214c2f5e87bad3c948f4d605d) (ScriptedImporter) -> (artifact id: '35b7ddac8ab0170b7dd619e2bc8bd9dc') in 0.0135853 seconds
Number of updated asset objects reloaded before import = 0Number of asset objects unloaded after import = 0

========================================================================
Received Import Request.
  Time since last request: 0.000041 seconds.
  path: Packages/com.unity.collab-proxy/Editor/AssetMenu/ProjectViewAssetSelection.cs
  artifactKey: Guid(b8a49294ba135a2408fd1b26bcda6f97) Importer(2089858483,b0f066a214c2f5e87bad3c948f4d605d)
Start importing Packages/com.unity.collab-proxy/Editor/AssetMenu/ProjectViewAssetSelection.cs using Guid(b8a49294ba135a2408fd1b26bcda6f97) Importer(2089858483,b0f066a214c2f5e87bad3c948f4d605d) (ScriptedImporter) -> (artifact id: '3f9f8b76da6a209c183779b0eb6314e5') in 0.0142741 seconds
Number of updated asset objects reloaded before import = 0Number of asset objects unloaded after import = 0

========================================================================
Received Import Request.
  Time since last request: 0.000030 seconds.
  path: Packages/com.unity.collab-proxy/Editor/AssetsUtils/GetSelectedPaths.cs
  artifactKey: Guid(d9369fa547ca81b4fafa42a3e74c1b7a) Importer(2089858483,b0f066a214c2f5e87bad3c948f4d605d)
Start importing Packages/com.unity.collab-proxy/Editor/AssetsUtils/GetSelectedPaths.cs using Guid(d9369fa547ca81b4fafa42a3e74c1b7a) Importer(2089858483,b0f066a214c2f5e87bad3c948f4d605d) (ScriptedImporter) -> (artifact id: 'fb956d4b46b1dc63c745170f96457529') in 0.0189482 seconds
Number of updated asset objects reloaded before import = 0Number of asset objects unloaded after import = 0

========================================================================
Received Import Request.
  Time since last request: 0.000029 seconds.
  path: Assets/Settings/PC_Renderer.asset
  artifactKey: Guid(f288ae1f4751b564a96ac7587541f7a2) Importer(2089858483,b0f066a214c2f5e87bad3c948f4d605d)
Start importing Assets/Settings/PC_Renderer.asset using Guid(f288ae1f4751b564a96ac7587541f7a2) Importer(2089858483,b0f066a214c2f5e87bad3c948f4d605d) (ScriptedImporter) -> (artifact id: '34aa8914c3d46f1dff707477b83bccb1') in 0.0434663 seconds
Number of updated asset objects reloaded before import = 0Number of asset objects unloaded after import = 1

========================================================================
Received Import Request.
  Time since last request: 0.000022 seconds.
  path: Packages/com.unity.collab-proxy/Editor/WaitForPendingOperations.cs
  artifactKey: Guid(2d63e236b259c9b4c8c5175cb624721f) Importer(2089858483,b0f066a214c2f5e87bad3c948f4d605d)
Start importing Packages/com.unity.collab-proxy/Editor/WaitForPendingOperations.cs using Guid(2d63e236b259c9b4c8c5175cb624721f) Importer(2089858483,b0f066a214c2f5e87bad3c948f4d605d) (ScriptedImporter) -> (artifact id: '76bc6b7d6f17b38f862c39f550423068') in 0.0173483 seconds
Number of updated asset objects reloaded before import = 0Number of asset objects unloaded after import = 0

========================================================================
Received Import Request.
  Time since last request: 0.000022 seconds.
  path: Packages/com.unity.collab-proxy/package.json
  artifactKey: Guid(743fda8c4b219c8429fb5a77ede1c879) Importer(2089858483,b0f066a214c2f5e87bad3c948f4d605d)
Start importing Packages/com.unity.collab-proxy/package.json using Guid(743fda8c4b219c8429fb5a77ede1c879) Importer(2089858483,b0f066a214c2f5e87bad3c948f4d605d) (ScriptedImporter) -> (artifact id: 'f570a76d690303ca96f7d02cc83ba908') in 0.0152697 seconds
Number of updated asset objects reloaded before import = 0Number of asset objects unloaded after import = 1

========================================================================
Received Import Request.
  Time since last request: 0.000032 seconds.
  path: Packages/com.unity.collab-proxy/ValidationConfig.json
  artifactKey: Guid(cb3c9f5ba9ced5e4b99de1b3dbd68d09) Importer(2089858483,b0f066a214c2f5e87bad3c948f4d605d)
Start importing Packages/com.unity.collab-proxy/ValidationConfig.json using Guid(cb3c9f5ba9ced5e4b99de1b3dbd68d09) Importer(2089858483,b0f066a214c2f5e87bad3c948f4d605d) (ScriptedImporter) -> (artifact id: '72cb05a2b03d90c3fc3fce129cf7ffc4') in 0.0144958 seconds
Number of updated asset objects reloaded before import = 0Number of asset objects unloaded after import = 1

========================================================================
Received Import Request.
  Time since last request: 0.000029 seconds.
  path: Packages/com.unity.collab-proxy/Editor/PackageEntryPoint.cs
  artifactKey: Guid(4d56de0c1ce671a4bb95fe9b9abe4fa5) Importer(2089858483,b0f066a214c2f5e87bad3c948f4d605d)
Start importing Packages/com.unity.collab-proxy/Editor/PackageEntryPoint.cs using Guid(4d56de0c1ce671a4bb95fe9b9abe4fa5) Importer(2089858483,b0f066a214c2f5e87bad3c948f4d605d) (ScriptedImporter) -> (artifact id: '2337f10e9851bd0b439cc25cab44e0a0') in 0.0151771 seconds
Number of updated asset objects reloaded before import = 0Number of asset objects unloaded after import = 0

========================================================================
Received Import Request.
  Time since last request: 0.000025 seconds.
  path: Packages/com.unity.collab-proxy/LICENSE.md
  artifactKey: Guid(52a2c019761d4f74ea3dbdaa0d889673) Importer(2089858483,b0f066a214c2f5e87bad3c948f4d605d)
Start importing Packages/com.unity.collab-proxy/LICENSE.md using Guid(52a2c019761d4f74ea3dbdaa0d889673) Importer(2089858483,b0f066a214c2f5e87bad3c948f4d605d) (ScriptedImporter) -> (artifact id: '6c3a80513a5de43609ad88855d2fe223') in 0.0172221 seconds
Number of updated asset objects reloaded before import = 0Number of asset objects unloaded after import = 1

========================================================================
Received Import Request.
  Time since last request: 0.000023 seconds.
  path: Packages/com.unity.collab-proxy/Editor/AssetMenu/ProjectViewUVCSAssetMenu.cs
  artifactKey: Guid(7c8a8e3e4456f9149905cf2c80aa41a9) Importer(2089858483,b0f066a214c2f5e87bad3c948f4d605d)
Start importing Packages/com.unity.collab-proxy/Editor/AssetMenu/ProjectViewUVCSAssetMenu.cs using Guid(7c8a8e3e4456f9149905cf2c80aa41a9) Importer(2089858483,b0f066a214c2f5e87bad3c948f4d605d) (ScriptedImporter) -> (artifact id: '3137ac439577e9837fc7952097d68ead') in 0.0152326 seconds
Number of updated asset objects reloaded before import = 0Number of asset objects unloaded after import = 0

========================================================================
Received Import Request.
  Time since last request: 0.000020 seconds.
  path: Packages/com.unity.collab-proxy/Editor/ExternalLink.cs
  artifactKey: Guid(8e956137d866cfc4797b1830930ed57e) Importer(2089858483,b0f066a214c2f5e87bad3c948f4d605d)
Start importing Packages/com.unity.collab-proxy/Editor/ExternalLink.cs using Guid(8e956137d866cfc4797b1830930ed57e) Importer(2089858483,b0f066a214c2f5e87bad3c948f4d605d) (ScriptedImporter) -> (artifact id: '6d9bcbe0b725d5452a517a4ab5042c1f') in 0.0154596 seconds
Number of updated asset objects reloaded before import = 0Number of asset objects unloaded after import = 0

========================================================================
Received Import Request.
  Time since last request: 0.000032 seconds.
  path: Packages/com.unity.collab-proxy/Editor/UnityConfigurationChecker.cs
  artifactKey: Guid(1dc96db8ece508c4696f7e89c2cd11e3) Importer(2089858483,b0f066a214c2f5e87bad3c948f4d605d)
Start importing Packages/com.unity.collab-proxy/Editor/UnityConfigurationChecker.cs using Guid(1dc96db8ece508c4696f7e89c2cd11e3) Importer(2089858483,b0f066a214c2f5e87bad3c948f4d605d) (ScriptedImporter) -> (artifact id: 'e32a0dda48968dce0f2c3ae9901a6d5e') in 0.0136665 seconds
Number of updated asset objects reloaded before import = 0Number of asset objects unloaded after import = 0

========================================================================
Received Import Request.
  Time since last request: 0.000027 seconds.
  path: Packages/com.unity.collab-proxy/Editor/UVCSPlugin.cs
  artifactKey: Guid(aebdb56b44622b2468b014e27e5e28e5) Importer(2089858483,b0f066a214c2f5e87bad3c948f4d605d)
Start importing Packages/com.unity.collab-proxy/Editor/UVCSPlugin.cs using Guid(aebdb56b44622b2468b014e27e5e28e5) Importer(2089858483,b0f066a214c2f5e87bad3c948f4d605d) (ScriptedImporter) -> (artifact id: '89ad8f965521a76a7a6a5f8454524868') in 0.0171811 seconds
Number of updated asset objects reloaded before import = 0Number of asset objects unloaded after import = 0

========================================================================
Received Import Request.
  Time since last request: 0.000025 seconds.
  path: Packages/com.unity.collab-proxy/Editor/AssetsUtils/RefreshAsset.cs
  artifactKey: Guid(7495e44f1cb132745a310485807e68f6) Importer(2089858483,b0f066a214c2f5e87bad3c948f4d605d)
Start importing Packages/com.unity.collab-proxy/Editor/AssetsUtils/RefreshAsset.cs using Guid(7495e44f1cb132745a310485807e68f6) Importer(2089858483,b0f066a214c2f5e87bad3c948f4d605d) (ScriptedImporter) -> (artifact id: '9ecf0e4580ef423068232e33c92f609c') in 0.0157618 seconds
Number of updated asset objects reloaded before import = 0Number of asset objects unloaded after import = 0

========================================================================
Received Import Request.
  Time since last request: 0.000023 seconds.
  path: Packages/com.unity.collab-proxy/Editor/ApplicationDataPath.cs
  artifactKey: Guid(50503d5b64dbddc48a0bcba68901b3d6) Importer(2089858483,b0f066a214c2f5e87bad3c948f4d605d)
Start importing Packages/com.unity.collab-proxy/Editor/ApplicationDataPath.cs using Guid(50503d5b64dbddc48a0bcba68901b3d6) Importer(2089858483,b0f066a214c2f5e87bad3c948f4d605d) (ScriptedImporter) -> (artifact id: '4f0592370303f4c2d16d45d27111d459') in 0.0174477 seconds
Number of updated asset objects reloaded before import = 0Number of asset objects unloaded after import = 0

========================================================================
Received Import Request.
  Time since last request: 0.000024 seconds.
  path: Packages/com.unity.collab-proxy/Editor/CloudDrive/CloudDriveMenuItem.cs
  artifactKey: Guid(e0ca5f7f9ce171a44a14d09d62ee6c8e) Importer(2089858483,b0f066a214c2f5e87bad3c948f4d605d)
Start importing Packages/com.unity.collab-proxy/Editor/CloudDrive/CloudDriveMenuItem.cs using Guid(e0ca5f7f9ce171a44a14d09d62ee6c8e) Importer(2089858483,b0f066a214c2f5e87bad3c948f4d605d) (ScriptedImporter) -> (artifact id: 'f3b705615650d1c9c056ac73aa3f872a') in 0.0144543 seconds
Number of updated asset objects reloaded before import = 0Number of asset objects unloaded after import = 0

========================================================================
Received Import Request.
  Time since last request: 0.000033 seconds.
  path: Packages/com.unity.collab-proxy/Editor/OrganizationsInformation.cs
  artifactKey: Guid(d840e39b62104a49b973d5503477c555) Importer(2089858483,b0f066a214c2f5e87bad3c948f4d605d)
Start importing Packages/com.unity.collab-proxy/Editor/OrganizationsInformation.cs using Guid(d840e39b62104a49b973d5503477c555) Importer(2089858483,b0f066a214c2f5e87bad3c948f4d605d) (ScriptedImporter) -> (artifact id: '54997811c80d2ba78b2d5a6d784ab7e1') in 0.015947 seconds
Number of updated asset objects reloaded before import = 0Number of asset objects unloaded after import = 0

========================================================================
Received Import Request.
  Time since last request: 0.000022 seconds.
  path: Assets/TutorialInfo/Scripts/Editor/ReadmeEditor.cs
  artifactKey: Guid(476cc7d7cd9874016adc216baab94a0a) Importer(2089858483,b0f066a214c2f5e87bad3c948f4d605d)
Start importing Assets/TutorialInfo/Scripts/Editor/ReadmeEditor.cs using Guid(476cc7d7cd9874016adc216baab94a0a) Importer(2089858483,b0f066a214c2f5e87bad3c948f4d605d) (ScriptedImporter) -> (artifact id: 'a65a4485d12a3868fc9914db842273a7') in 0.0159143 seconds
Number of updated asset objects reloaded before import = 0Number of asset objects unloaded after import = 0

========================================================================
Received Import Request.
  Time since last request: 0.000028 seconds.
  path: Packages/com.unity.collab-proxy/Editor/CodeEditor/Keyboard.cs
  artifactKey: Guid(7d9221bc32738c5498b01916d61a39b9) Importer(2089858483,b0f066a214c2f5e87bad3c948f4d605d)
Start importing Packages/com.unity.collab-proxy/Editor/CodeEditor/Keyboard.cs using Guid(7d9221bc32738c5498b01916d61a39b9) Importer(2089858483,b0f066a214c2f5e87bad3c948f4d605d) (ScriptedImporter) -> (artifact id: 'f87cbfac0cc56aec0b8b29231657dfe6') in 0.0150555 seconds
Number of updated asset objects reloaded before import = 0Number of asset objects unloaded after import = 0

========================================================================
Received Import Request.
  Time since last request: 0.000043 seconds.
  path: Packages/com.unity.collab-proxy/Editor/AssetMenu/AssetsSelection.cs
  artifactKey: Guid(1686ac2e1d109ed43bf2dec74fed784f) Importer(2089858483,b0f066a214c2f5e87bad3c948f4d605d)
Start importing Packages/com.unity.collab-proxy/Editor/AssetMenu/AssetsSelection.cs using Guid(1686ac2e1d109ed43bf2dec74fed784f) Importer(2089858483,b0f066a214c2f5e87bad3c948f4d605d) (ScriptedImporter) -> (artifact id: '67755c37c8c4a4f3c9a9b3d942bc503f') in 0.0172902 seconds
Number of updated asset objects reloaded before import = 0Number of asset objects unloaded after import = 0

========================================================================
Received Import Request.
  Time since last request: 0.000026 seconds.
  path: Packages/com.unity.collab-proxy/Editor/UVCSNotification.cs
  artifactKey: Guid(ea0c99d9630e5ca40ba541545beec9b8) Importer(2089858483,b0f066a214c2f5e87bad3c948f4d605d)
Start importing Packages/com.unity.collab-proxy/Editor/UVCSNotification.cs using Guid(ea0c99d9630e5ca40ba541545beec9b8) Importer(2089858483,b0f066a214c2f5e87bad3c948f4d605d) (ScriptedImporter) -> (artifact id: '888b17026882e3642d523d5bde7c58ed') in 0.0146303 seconds
Number of updated asset objects reloaded before import = 0Number of asset objects unloaded after import = 0

========================================================================
Received Import Request.
  Time since last request: 0.000035 seconds.
  path: Packages/com.unity.collab-proxy/Editor/ProjectLoadedCounter.cs
  artifactKey: Guid(d7ab4771a00b0cc4ab99301fc356de49) Importer(2089858483,b0f066a214c2f5e87bad3c948f4d605d)
Start importing Packages/com.unity.collab-proxy/Editor/ProjectLoadedCounter.cs using Guid(d7ab4771a00b0cc4ab99301fc356de49) Importer(2089858483,b0f066a214c2f5e87bad3c948f4d605d) (ScriptedImporter) -> (artifact id: '3d5756139becb6380fd235988c24a687') in 0.0161807 seconds
Number of updated asset objects reloaded before import = 0Number of asset objects unloaded after import = 0

========================================================================
Received Import Request.
  Time since last request: 0.000019 seconds.
  path: Packages/com.unity.collab-proxy/Editor/ParentWindow.cs
  artifactKey: Guid(149e37d5faf2b2a4099fb209bbd38113) Importer(2089858483,b0f066a214c2f5e87bad3c948f4d605d)
Start importing Packages/com.unity.collab-proxy/Editor/ParentWindow.cs using Guid(149e37d5faf2b2a4099fb209bbd38113) Importer(2089858483,b0f066a214c2f5e87bad3c948f4d605d) (ScriptedImporter) -> (artifact id: '406d2e5e30c52ac54759e0c5933e01da') in 0.0145911 seconds
Number of updated asset objects reloaded before import = 0Number of asset objects unloaded after import = 0

========================================================================
Received Import Request.
  Time since last request: 0.000022 seconds.
  path: Packages/com.unity.collab-proxy/Editor/FindWorkspace.cs
  artifactKey: Guid(699b33b09648b5641b12384ac691546d) Importer(2089858483,b0f066a214c2f5e87bad3c948f4d605d)
Start importing Packages/com.unity.collab-proxy/Editor/FindWorkspace.cs using Guid(699b33b09648b5641b12384ac691546d) Importer(2089858483,b0f066a214c2f5e87bad3c948f4d605d) (ScriptedImporter) -> (artifact id: '443ce971c7a4e150e82719744c0c91ba') in 0.014721 seconds
Number of updated asset objects reloaded before import = 0Number of asset objects unloaded after import = 0

========================================================================
Received Import Request.
  Time since last request: 0.000026 seconds.
  path: Assets/TutorialInfo/Icons/URP.png
  artifactKey: Guid(727a75301c3d24613a3ebcec4a24c2c8) Importer(2089858483,b0f066a214c2f5e87bad3c948f4d605d)
Start importing Assets/TutorialInfo/Icons/URP.png using Guid(727a75301c3d24613a3ebcec4a24c2c8) Importer(2089858483,b0f066a214c2f5e87bad3c948f4d605d) (ScriptedImporter) -> (artifact id: 'be6cde885f6d5b4dd92bb90b295e4683') in 0.0641739 seconds
Number of updated asset objects reloaded before import = 0Number of asset objects unloaded after import = 1

========================================================================
Received Import Request.
  Time since last request: 0.000026 seconds.
  path: Packages/com.unity.collab-proxy/Editor/CodeEditor/TextEditorComponent.cs
  artifactKey: Guid(10217cf897d5d554f959f089ba9d38d2) Importer(2089858483,b0f066a214c2f5e87bad3c948f4d605d)
Start importing Packages/com.unity.collab-proxy/Editor/CodeEditor/TextEditorComponent.cs using Guid(10217cf897d5d554f959f089ba9d38d2) Importer(2089858483,b0f066a214c2f5e87bad3c948f4d605d) (ScriptedImporter) -> (artifact id: '1ccf8958b455ddff6c0e7937dd2c9a4f') in 0.0193502 seconds
Number of updated asset objects reloaded before import = 0Number of asset objects unloaded after import = 0

========================================================================
Received Import Request.
  Time since last request: 0.000031 seconds.
  path: Packages/com.unity.collab-proxy/Editor/Inspector/InspectorAssetSelection.cs
  artifactKey: Guid(9bef80072d106be4ea36de88adc0e985) Importer(2089858483,b0f066a214c2f5e87bad3c948f4d605d)
Start importing Packages/com.unity.collab-proxy/Editor/Inspector/InspectorAssetSelection.cs using Guid(9bef80072d106be4ea36de88adc0e985) Importer(2089858483,b0f066a214c2f5e87bad3c948f4d605d) (ScriptedImporter) -> (artifact id: 'e98f33062b24e332aaa5103db9aa2a5b') in 0.0157864 seconds
Number of updated asset objects reloaded before import = 0Number of asset objects unloaded after import = 0

========================================================================
Received Import Request.
  Time since last request: 0.000024 seconds.
  path: Packages/com.unity.collab-proxy/Editor/Tool/FindTool.cs
  artifactKey: Guid(2e0d1d689c88f76448cad390443d7ba3) Importer(2089858483,b0f066a214c2f5e87bad3c948f4d605d)
Start importing Packages/com.unity.collab-proxy/Editor/Tool/FindTool.cs using Guid(2e0d1d689c88f76448cad390443d7ba3) Importer(2089858483,b0f066a214c2f5e87bad3c948f4d605d) (ScriptedImporter) -> (artifact id: 'cf9bac67a4b1f50c709d3bc45b1b0ad7') in 0.0154677 seconds
Number of updated asset objects reloaded before import = 0Number of asset objects unloaded after import = 0

========================================================================
Received Import Request.
  Time since last request: 0.000025 seconds.
  path: Packages/com.unity.collab-proxy/Editor/Configuration/CredentialsUIImpl.cs
  artifactKey: Guid(50d82b3e371b7cc42abc2999039b19cb) Importer(2089858483,b0f066a214c2f5e87bad3c948f4d605d)
Start importing Packages/com.unity.collab-proxy/Editor/Configuration/CredentialsUIImpl.cs using Guid(50d82b3e371b7cc42abc2999039b19cb) Importer(2089858483,b0f066a214c2f5e87bad3c948f4d605d) (ScriptedImporter) -> (artifact id: '8ed6f084108369ef2915c2f6f38e41e7') in 0.0155124 seconds
Number of updated asset objects reloaded before import = 0Number of asset objects unloaded after import = 0

========================================================================
Received Import Request.
  Time since last request: 0.000022 seconds.
  path: Packages/com.unity.collab-proxy/Editor/Configuration/EncryptionConfigurationDialog.cs
  artifactKey: Guid(68d5bb402c52edc48b494a59b8971758) Importer(2089858483,b0f066a214c2f5e87bad3c948f4d605d)
Start importing Packages/com.unity.collab-proxy/Editor/Configuration/EncryptionConfigurationDialog.cs using Guid(68d5bb402c52edc48b494a59b8971758) Importer(2089858483,b0f066a214c2f5e87bad3c948f4d605d) (ScriptedImporter) -> (artifact id: '3a23958202994f69760130a557150e2b') in 0.0172722 seconds
Number of updated asset objects reloaded before import = 0Number of asset objects unloaded after import = 0

========================================================================
Received Import Request.
  Time since last request: 0.000057 seconds.
  path: Packages/com.unity.collab-proxy/Editor/Topbar/NotificationsArea.cs
  artifactKey: Guid(9c41da65bf0c4ef2bcf303f406d8e2c8) Importer(2089858483,b0f066a214c2f5e87bad3c948f4d605d)
Start importing Packages/com.unity.collab-proxy/Editor/Topbar/NotificationsArea.cs using Guid(9c41da65bf0c4ef2bcf303f406d8e2c8) Importer(2089858483,b0f066a214c2f5e87bad3c948f4d605d) (ScriptedImporter) -> (artifact id: '1e38cd3aa22d6f138b2c546ea881d147') in 0.0181205 seconds
Number of updated asset objects reloaded before import = 0Number of asset objects unloaded after import = 0

========================================================================
Received Import Request.
  Time since last request: 0.000052 seconds.
  path: Packages/com.unity.collab-proxy/Editor/Headless/HeadlessGluonViewHost.cs
  artifactKey: Guid(a863d083557069b458628045916c1724) Importer(2089858483,b0f066a214c2f5e87bad3c948f4d605d)
Start importing Packages/com.unity.collab-proxy/Editor/Headless/HeadlessGluonViewHost.cs using Guid(a863d083557069b458628045916c1724) Importer(2089858483,b0f066a214c2f5e87bad3c948f4d605d) (ScriptedImporter) -> (artifact id: '8cad5f594de87201e0261e681f5c3337') in 0.0141605 seconds
Number of updated asset objects reloaded before import = 0Number of asset objects unloaded after import = 0

========================================================================
Received Import Request.
  Time since last request: 0.000035 seconds.
  path: Packages/com.unity.collab-proxy/Editor/Headless/HeadlessUpdateReport.cs
  artifactKey: Guid(3c1571ec0b185dc428a1df774086a310) Importer(2089858483,b0f066a214c2f5e87bad3c948f4d605d)
Start importing Packages/com.unity.collab-proxy/Editor/Headless/HeadlessUpdateReport.cs using Guid(3c1571ec0b185dc428a1df774086a310) Importer(2089858483,b0f066a214c2f5e87bad3c948f4d605d) (ScriptedImporter) -> (artifact id: 'd397bf6774a5087ba2c603405c1741ca') in 0.0159222 seconds
Number of updated asset objects reloaded before import = 0Number of asset objects unloaded after import = 0

========================================================================
Received Import Request.
  Time since last request: 0.000020 seconds.
  path: Packages/com.unity.collab-proxy/Editor/UI/DrawActionHelpBox.cs
  artifactKey: Guid(30c4cfa3209d4a44480017a19ec5b3b8) Importer(2089858483,b0f066a214c2f5e87bad3c948f4d605d)
Start importing Packages/com.unity.collab-proxy/Editor/UI/DrawActionHelpBox.cs using Guid(30c4cfa3209d4a44480017a19ec5b3b8) Importer(2089858483,b0f066a214c2f5e87bad3c948f4d605d) (ScriptedImporter) -> (artifact id: '28f093babe1964b20fa6ebfd91d7a8f5') in 0.0160761 seconds
Number of updated asset objects reloaded before import = 0Number of asset objects unloaded after import = 0

========================================================================
Received Import Request.
  Time since last request: 0.000026 seconds.
  path: Packages/com.unity.collab-proxy/Editor/Configuration/ChannelCertificateUiImpl.cs
  artifactKey: Guid(628bc1ed591aa164ab9124ac22e02d9a) Importer(2089858483,b0f066a214c2f5e87bad3c948f4d605d)
Start importing Packages/com.unity.collab-proxy/Editor/Configuration/ChannelCertificateUiImpl.cs using Guid(628bc1ed591aa164ab9124ac22e02d9a) Importer(2089858483,b0f066a214c2f5e87bad3c948f4d605d) (ScriptedImporter) -> (artifact id: '504156044efa33b59331d06505b57e39') in 0.0187029 seconds
Number of updated asset objects reloaded before import = 0Number of asset objects unloaded after import = 0

========================================================================
Received Import Request.
  Time since last request: 0.000023 seconds.
  path: Packages/com.unity.collab-proxy/Editor/UI/DelayedActionByFramesRunner.cs
  artifactKey: Guid(c0faad526f5548c1a53c288b045580b0) Importer(2089858483,b0f066a214c2f5e87bad3c948f4d605d)
Start importing Packages/com.unity.collab-proxy/Editor/UI/DelayedActionByFramesRunner.cs using Guid(c0faad526f5548c1a53c288b045580b0) Importer(2089858483,b0f066a214c2f5e87bad3c948f4d605d) (ScriptedImporter) -> (artifact id: '4fc08f5b919ce86d5d9e16432a384b25') in 0.0169205 seconds
Number of updated asset objects reloaded before import = 0Number of asset objects unloaded after import = 0

========================================================================
Received Import Request.
  Time since last request: 0.000040 seconds.
  path: Packages/com.unity.collab-proxy/Editor/Headless/HeadlessViewSwitcher.cs
  artifactKey: Guid(e5854d1a1c573e040afdbb54103decf3) Importer(2089858483,b0f066a214c2f5e87bad3c948f4d605d)
Start importing Packages/com.unity.collab-proxy/Editor/Headless/HeadlessViewSwitcher.cs using Guid(e5854d1a1c573e040afdbb54103decf3) Importer(2089858483,b0f066a214c2f5e87bad3c948f4d605d) (ScriptedImporter) -> (artifact id: 'e62a90ed5ed051fda92f9274a260112d') in 0.0195083 seconds
Number of updated asset objects reloaded before import = 0Number of asset objects unloaded after import = 0

========================================================================
Received Import Request.
  Time since last request: 0.000023 seconds.
  path: Packages/com.unity.collab-proxy/Editor/Headless/HeadlessUpdateProgress.cs
  artifactKey: Guid(d7826644a043a9b4cb6b1f06c937cad7) Importer(2089858483,b0f066a214c2f5e87bad3c948f4d605d)
Start importing Packages/com.unity.collab-proxy/Editor/Headless/HeadlessUpdateProgress.cs using Guid(d7826644a043a9b4cb6b1f06c937cad7) Importer(2089858483,b0f066a214c2f5e87bad3c948f4d605d) (ScriptedImporter) -> (artifact id: '5cb2aaea390b05b6a92be324fbfec6c9') in 0.0155879 seconds
Number of updated asset objects reloaded before import = 0Number of asset objects unloaded after import = 0

========================================================================
Received Import Request.
  Time since last request: 0.000023 seconds.
  path: Packages/com.unity.collab-proxy/Editor/Developer/GenericProgress.cs
  artifactKey: Guid(dc0cbec450c3bd54eb12276dcfdc27d3) Importer(2089858483,b0f066a214c2f5e87bad3c948f4d605d)
Start importing Packages/com.unity.collab-proxy/Editor/Developer/GenericProgress.cs using Guid(dc0cbec450c3bd54eb12276dcfdc27d3) Importer(2089858483,b0f066a214c2f5e87bad3c948f4d605d) (ScriptedImporter) -> (artifact id: '30f55dc4c2ce0bbc4aa25712ea1afbf8') in 0.0166907 seconds
Number of updated asset objects reloaded before import = 0Number of asset objects unloaded after import = 0

========================================================================
Received Import Request.
  Time since last request: 0.000022 seconds.
  path: Packages/com.unity.collab-proxy/Editor/Configuration/MissingEncryptionPasswordPromptHandler.cs
  artifactKey: Guid(4f6e4f3809c687045b21461609e2f78b) Importer(2089858483,b0f066a214c2f5e87bad3c948f4d605d)
Start importing Packages/com.unity.collab-proxy/Editor/Configuration/MissingEncryptionPasswordPromptHandler.cs using Guid(4f6e4f3809c687045b21461609e2f78b) Importer(2089858483,b0f066a214c2f5e87bad3c948f4d605d) (ScriptedImporter) -> (artifact id: '3981c6ebd5a8eba86ff46edbba9c2f59') in 0.0164879 seconds
Number of updated asset objects reloaded before import = 0Number of asset objects unloaded after import = 0

========================================================================
Received Import Request.
  Time since last request: 0.000028 seconds.
  path: Packages/com.unity.collab-proxy/Editor/Tool/AuthToken.cs
  artifactKey: Guid(537d6b35c9cc8bd42a656dfc8cb64948) Importer(2089858483,b0f066a214c2f5e87bad3c948f4d605d)
Start importing Packages/com.unity.collab-proxy/Editor/Tool/AuthToken.cs using Guid(537d6b35c9cc8bd42a656dfc8cb64948) Importer(2089858483,b0f066a214c2f5e87bad3c948f4d605d) (ScriptedImporter) -> (artifact id: 'fdd84efba42f2ed16b133f5ff6effed6') in 0.0159651 seconds
Number of updated asset objects reloaded before import = 0Number of asset objects unloaded after import = 0

========================================================================
Received Import Request.
  Time since last request: 0.000035 seconds.
  path: Packages/com.unity.collab-proxy/Editor/Settings/PendingChangesOptionsFoldout.cs
  artifactKey: Guid(4646098fa06b7764b843d936862b4d71) Importer(2089858483,b0f066a214c2f5e87bad3c948f4d605d)
Start importing Packages/com.unity.collab-proxy/Editor/Settings/PendingChangesOptionsFoldout.cs using Guid(4646098fa06b7764b843d936862b4d71) Importer(2089858483,b0f066a214c2f5e87bad3c948f4d605d) (ScriptedImporter) -> (artifact id: '85d449ebd9028eafb110f7d0133a741e') in 0.0169891 seconds
Number of updated asset objects reloaded before import = 0Number of asset objects unloaded after import = 0

========================================================================
Received Import Request.
  Time since last request: 0.000019 seconds.
  path: Packages/com.unity.collab-proxy/Editor/Tool/ToolConstants.cs
  artifactKey: Guid(de6e8913aefd69d4ca90a7216d225d3a) Importer(2089858483,b0f066a214c2f5e87bad3c948f4d605d)
Start importing Packages/com.unity.collab-proxy/Editor/Tool/ToolConstants.cs using Guid(de6e8913aefd69d4ca90a7216d225d3a) Importer(2089858483,b0f066a214c2f5e87bad3c948f4d605d) (ScriptedImporter) -> (artifact id: 'd6495041b0e58c9e9f663377af1fae7b') in 0.0176846 seconds
Number of updated asset objects reloaded before import = 0Number of asset objects unloaded after import = 0

========================================================================
Received Import Request.
  Time since last request: 0.000024 seconds.
  path: Packages/com.unity.collab-proxy/Editor/UI/DialogWithCheckBox.cs
  artifactKey: Guid(bf4c80d864854f97a4b2f1dcad326904) Importer(2089858483,b0f066a214c2f5e87bad3c948f4d605d)
Start importing Packages/com.unity.collab-proxy/Editor/UI/DialogWithCheckBox.cs using Guid(bf4c80d864854f97a4b2f1dcad326904) Importer(2089858483,b0f066a214c2f5e87bad3c948f4d605d) (ScriptedImporter) -> (artifact id: '26c283de013de040f96db65539ba5c78') in 0.0151524 seconds
Number of updated asset objects reloaded before import = 0Number of asset objects unloaded after import = 0

========================================================================
Received Import Request.
  Time since last request: 0.000027 seconds.
  path: Packages/com.unity.collab-proxy/Editor/Headless/HeadlessProgressControls.cs
  artifactKey: Guid(f957d659be9dee74fb0f993b67b2d044) Importer(2089858483,b0f066a214c2f5e87bad3c948f4d605d)
Start importing Packages/com.unity.collab-proxy/Editor/Headless/HeadlessProgressControls.cs using Guid(f957d659be9dee74fb0f993b67b2d044) Importer(2089858483,b0f066a214c2f5e87bad3c948f4d605d) (ScriptedImporter) -> (artifact id: '6af9e117f72f12aa73083dbfa7f7b74f') in 0.0158116 seconds
Number of updated asset objects reloaded before import = 0Number of asset objects unloaded after import = 0

========================================================================
Received Import Request.
  Time since last request: 0.000025 seconds.
  path: Packages/com.unity.collab-proxy/Editor/UI/DockEditorWindow.cs
  artifactKey: Guid(3a6fba741cdd5fb4982a73a4d791754f) Importer(2089858483,b0f066a214c2f5e87bad3c948f4d605d)
Start importing Packages/com.unity.collab-proxy/Editor/UI/DockEditorWindow.cs using Guid(3a6fba741cdd5fb4982a73a4d791754f) Importer(2089858483,b0f066a214c2f5e87bad3c948f4d605d) (ScriptedImporter) -> (artifact id: 'b9a79543b11a6578fca6e2b21daf5e68') in 0.0181652 seconds
Number of updated asset objects reloaded before import = 0Number of asset objects unloaded after import = 0

========================================================================
Received Import Request.
  Time since last request: 0.000048 seconds.
  path: Packages/com.unity.collab-proxy/Editor/Diff/AssetType.cs
  artifactKey: Guid(e6c29999aff44b79938d04786d7b9373) Importer(2089858483,b0f066a214c2f5e87bad3c948f4d605d)
Start importing Packages/com.unity.collab-proxy/Editor/Diff/AssetType.cs using Guid(e6c29999aff44b79938d04786d7b9373) Importer(2089858483,b0f066a214c2f5e87bad3c948f4d605d) (ScriptedImporter) -> (artifact id: '75e4e4cb8f447e94b499f5e39edb9a4e') in 0.0198966 seconds
Number of updated asset objects reloaded before import = 0Number of asset objects unloaded after import = 0

========================================================================
Received Import Request.
  Time since last request: 0.000034 seconds.
  path: Packages/com.unity.collab-proxy/Editor/UI/DrawTextBlockWithLink.cs
  artifactKey: Guid(54390afd4066b724d9a802ff75bed13b) Importer(2089858483,b0f066a214c2f5e87bad3c948f4d605d)
Start importing Packages/com.unity.collab-proxy/Editor/UI/DrawTextBlockWithLink.cs using Guid(54390afd4066b724d9a802ff75bed13b) Importer(2089858483,b0f066a214c2f5e87bad3c948f4d605d) (ScriptedImporter) -> (artifact id: 'f71df930068c7c2f2507b1c0b20fccda') in 0.0204353 seconds
Number of updated asset objects reloaded before import = 0Number of asset objects unloaded after import = 0

========================================================================
Received Import Request.
  Time since last request: 0.000021 seconds.
  path: Packages/com.unity.collab-proxy/Editor/SceneView/DrawSceneOperations.cs
  artifactKey: Guid(204b6e52ab6164e478f852a359e0c0c0) Importer(2089858483,b0f066a214c2f5e87bad3c948f4d605d)
Start importing Packages/com.unity.collab-proxy/Editor/SceneView/DrawSceneOperations.cs using Guid(204b6e52ab6164e478f852a359e0c0c0) Importer(2089858483,b0f066a214c2f5e87bad3c948f4d605d) (ScriptedImporter) -> (artifact id: '86670e3c4a7e2b75a3db3d5a15ff1039') in 0.0166087 seconds
Number of updated asset objects reloaded before import = 0Number of asset objects unloaded after import = 0

========================================================================
Received Import Request.
  Time since last request: 0.000022 seconds.
  path: Packages/com.unity.collab-proxy/Editor/UI/AttributeColor.cs
  artifactKey: Guid(ccc9f105224248edbf0b807faa2bcba9) Importer(2089858483,b0f066a214c2f5e87bad3c948f4d605d)
Start importing Packages/com.unity.collab-proxy/Editor/UI/AttributeColor.cs using Guid(ccc9f105224248edbf0b807faa2bcba9) Importer(2089858483,b0f066a214c2f5e87bad3c948f4d605d) (ScriptedImporter) -> (artifact id: 'e631e4b8b291c00c75dec53e6ff0b8ab') in 0.0189137 seconds
Number of updated asset objects reloaded before import = 0Number of asset objects unloaded after import = 0

========================================================================
Received Import Request.
  Time since last request: 0.000041 seconds.
  path: Packages/com.unity.collab-proxy/Editor/UI/DelayedActionBySecondsRunner.cs
  artifactKey: Guid(75e502da07ff345528edbecd094b5cb5) Importer(2089858483,b0f066a214c2f5e87bad3c948f4d605d)
Start importing Packages/com.unity.collab-proxy/Editor/UI/DelayedActionBySecondsRunner.cs using Guid(75e502da07ff345528edbecd094b5cb5) Importer(2089858483,b0f066a214c2f5e87bad3c948f4d605d) (ScriptedImporter) -> (artifact id: 'edea758ede2e8ad1bcbbe899de251ca5') in 0.0152836 seconds
Number of updated asset objects reloaded before import = 0Number of asset objects unloaded after import = 0

========================================================================
Received Import Request.
  Time since last request: 0.000031 seconds.
  path: Packages/com.unity.collab-proxy/Editor/CodeEditor/TextViewPosition.cs
  artifactKey: Guid(1acfe7cc6c5909f4a954500ea46f9123) Importer(2089858483,b0f066a214c2f5e87bad3c948f4d605d)
Start importing Packages/com.unity.collab-proxy/Editor/CodeEditor/TextViewPosition.cs using Guid(1acfe7cc6c5909f4a954500ea46f9123) Importer(2089858483,b0f066a214c2f5e87bad3c948f4d605d) (ScriptedImporter) -> (artifact id: '117c573c32dce4b7deba3ded14ca2ca0') in 0.016668 seconds
Number of updated asset objects reloaded before import = 0Number of asset objects unloaded after import = 0

========================================================================
Received Import Request.
  Time since last request: 0.000021 seconds.
  path: Packages/com.unity.collab-proxy/Editor/Gluon/ShelvedChangesNotification.cs
  artifactKey: Guid(ea76fa5a629244fa9ae3a8d3224aef02) Importer(2089858483,b0f066a214c2f5e87bad3c948f4d605d)
Start importing Packages/com.unity.collab-proxy/Editor/Gluon/ShelvedChangesNotification.cs using Guid(ea76fa5a629244fa9ae3a8d3224aef02) Importer(2089858483,b0f066a214c2f5e87bad3c948f4d605d) (ScriptedImporter) -> (artifact id: '8642cc288550d26c976c646856037aaa') in 0.0183533 seconds
Number of updated asset objects reloaded before import = 0Number of asset objects unloaded after import = 0

========================================================================
Received Import Request.
  Time since last request: 0.000030 seconds.
  path: Packages/com.unity.collab-proxy/Editor/Configuration/ConfigurePartialWorkspace.cs
  artifactKey: Guid(2b3223ee740687445a7e4bc793fa2aae) Importer(2089858483,b0f066a214c2f5e87bad3c948f4d605d)
Start importing Packages/com.unity.collab-proxy/Editor/Configuration/ConfigurePartialWorkspace.cs using Guid(2b3223ee740687445a7e4bc793fa2aae) Importer(2089858483,b0f066a214c2f5e87bad3c948f4d605d) (ScriptedImporter) -> (artifact id: '509a7264a6e58e334a926a693dcb08f6') in 0.0165564 seconds
Number of updated asset objects reloaded before import = 0Number of asset objects unloaded after import = 0

========================================================================
Received Import Request.
  Time since last request: 0.000024 seconds.
  path: Packages/com.unity.collab-proxy/Editor/Entities/HierarchyExtensions.cs
  artifactKey: Guid(fe6ad6eb139a49f4a02d9794e934bd9c) Importer(2089858483,b0f066a214c2f5e87bad3c948f4d605d)
Start importing Packages/com.unity.collab-proxy/Editor/Entities/HierarchyExtensions.cs using Guid(fe6ad6eb139a49f4a02d9794e934bd9c) Importer(2089858483,b0f066a214c2f5e87bad3c948f4d605d) (ScriptedImporter) -> (artifact id: '8ce3b971f78ea48eb9b57bb07fd0c61e') in 0.0148921 seconds
Number of updated asset objects reloaded before import = 0Number of asset objects unloaded after import = 0

========================================================================
Received Import Request.
  Time since last request: 0.000024 seconds.
  path: Packages/com.unity.collab-proxy/Editor/CodeEditor/TextEditorOptions.cs
  artifactKey: Guid(86522126cf0ce4a37aeac702343411cc) Importer(2089858483,b0f066a214c2f5e87bad3c948f4d605d)
Start importing Packages/com.unity.collab-proxy/Editor/CodeEditor/TextEditorOptions.cs using Guid(86522126cf0ce4a37aeac702343411cc) Importer(2089858483,b0f066a214c2f5e87bad3c948f4d605d) (ScriptedImporter) -> (artifact id: '6e705c9a86b82c349c713381db113e6a') in 0.0182075 seconds
Number of updated asset objects reloaded before import = 0Number of asset objects unloaded after import = 0

========================================================================
Received Import Request.
  Time since last request: 0.000038 seconds.
  path: Packages/com.unity.collab-proxy/Editor/UI/EditorProgressBar.cs
  artifactKey: Guid(245d2c4b912b39a4784287979ea8cfd9) Importer(2089858483,b0f066a214c2f5e87bad3c948f4d605d)
Start importing Packages/com.unity.collab-proxy/Editor/UI/EditorProgressBar.cs using Guid(245d2c4b912b39a4784287979ea8cfd9) Importer(2089858483,b0f066a214c2f5e87bad3c948f4d605d) (ScriptedImporter) -> (artifact id: 'faa8d23e40e77301cb9670fd73d82859') in 0.0174811 seconds
Number of updated asset objects reloaded before import = 0Number of asset objects unloaded after import = 0

========================================================================
Received Import Request.
  Time since last request: 0.000020 seconds.
  path: Packages/com.unity.collab-proxy/Editor/Configuration/CredentialsDialog.cs
  artifactKey: Guid(c46424c57c6462945b14ac0c95281406) Importer(2089858483,b0f066a214c2f5e87bad3c948f4d605d)
Start importing Packages/com.unity.collab-proxy/Editor/Configuration/CredentialsDialog.cs using Guid(c46424c57c6462945b14ac0c95281406) Importer(2089858483,b0f066a214c2f5e87bad3c948f4d605d) (ScriptedImporter) -> (artifact id: '16842c89ef41031bb66090d9b6f089aa') in 0.0162548 seconds
Number of updated asset objects reloaded before import = 0Number of asset objects unloaded after import = 0

========================================================================
Received Import Request.
  Time since last request: 0.000020 seconds.
  path: Packages/com.unity.collab-proxy/Editor/UI/DrawActionButtonWithMenu.cs
  artifactKey: Guid(640fd06dff6f43498693eeda77683e6e) Importer(2089858483,b0f066a214c2f5e87bad3c948f4d605d)
Start importing Packages/com.unity.collab-proxy/Editor/UI/DrawActionButtonWithMenu.cs using Guid(640fd06dff6f43498693eeda77683e6e) Importer(2089858483,b0f066a214c2f5e87bad3c948f4d605d) (ScriptedImporter) -> (artifact id: 'e3ebd5e8eb3084ab9f4426e53cf26e5e') in 0.017618 seconds
Number of updated asset objects reloaded before import = 0Number of asset objects unloaded after import = 0

========================================================================
Received Import Request.
  Time since last request: 0.000030 seconds.
  path: Packages/com.unity.collab-proxy/Editor/Tool/LaunchInstaller.cs
  artifactKey: Guid(7b405b01c6be83742bc000fb416b4dbf) Importer(2089858483,b0f066a214c2f5e87bad3c948f4d605d)
Start importing Packages/com.unity.collab-proxy/Editor/Tool/LaunchInstaller.cs using Guid(7b405b01c6be83742bc000fb416b4dbf) Importer(2089858483,b0f066a214c2f5e87bad3c948f4d605d) (ScriptedImporter) -> (artifact id: 'd4855bcb26b1149916bc08f0ea3f377d') in 0.017976 seconds
Number of updated asset objects reloaded before import = 0Number of asset objects unloaded after import = 0

========================================================================
Received Import Request.
  Time since last request: 0.000021 seconds.
  path: Packages/com.unity.collab-proxy/Editor/Gluon/CheckinProgress.cs
  artifactKey: Guid(201d30422af8ea34193a59b4254b8663) Importer(2089858483,b0f066a214c2f5e87bad3c948f4d605d)
Start importing Packages/com.unity.collab-proxy/Editor/Gluon/CheckinProgress.cs using Guid(201d30422af8ea34193a59b4254b8663) Importer(2089858483,b0f066a214c2f5e87bad3c948f4d605d) (ScriptedImporter) -> (artifact id: '4ea244046d6823c267eea65d5d4b3771') in 0.0163079 seconds
Number of updated asset objects reloaded before import = 0Number of asset objects unloaded after import = 0

========================================================================
Received Import Request.
  Time since last request: 0.000035 seconds.
  path: Packages/com.unity.collab-proxy/Editor/Tool/LaunchTool.cs
  artifactKey: Guid(a6d05b29e607e62478df26227566e1b9) Importer(2089858483,b0f066a214c2f5e87bad3c948f4d605d)
Start importing Packages/com.unity.collab-proxy/Editor/Tool/LaunchTool.cs using Guid(a6d05b29e607e62478df26227566e1b9) Importer(2089858483,b0f066a214c2f5e87bad3c948f4d605d) (ScriptedImporter) -> (artifact id: '76c28f81b177f5da1c066f9b6969f55a') in 0.0179155 seconds
Number of updated asset objects reloaded before import = 0Number of asset objects unloaded after import = 0

========================================================================
Received Import Request.
  Time since last request: 0.000021 seconds.
  path: Packages/com.unity.collab-proxy/Editor/Configuration/ToolConfig.cs
  artifactKey: Guid(ee776820547bd654980004e8471df8e3) Importer(2089858483,b0f066a214c2f5e87bad3c948f4d605d)
Start importing Packages/com.unity.collab-proxy/Editor/Configuration/ToolConfig.cs using Guid(ee776820547bd654980004e8471df8e3) Importer(2089858483,b0f066a214c2f5e87bad3c948f4d605d) (ScriptedImporter) -> (artifact id: '624a58ec675ecba6a53c8c7c473ef37f') in 0.0174561 seconds
Number of updated asset objects reloaded before import = 0Number of asset objects unloaded after import = 0

========================================================================
Received Import Request.
  Time since last request: 0.000026 seconds.
  path: Packages/com.unity.collab-proxy/Editor/Hub/ProcessHubCommand.cs
  artifactKey: Guid(94a5d27698bed3d42beabebcedbf1f23) Importer(2089858483,b0f066a214c2f5e87bad3c948f4d605d)
Start importing Packages/com.unity.collab-proxy/Editor/Hub/ProcessHubCommand.cs using Guid(94a5d27698bed3d42beabebcedbf1f23) Importer(2089858483,b0f066a214c2f5e87bad3c948f4d605d) (ScriptedImporter) -> (artifact id: '57330ebf3cafc6b2969e963e67ed9750') in 0.0183404 seconds
Number of updated asset objects reloaded before import = 0Number of asset objects unloaded after import = 0

========================================================================
Received Import Request.
  Time since last request: 0.000025 seconds.
  path: Packages/com.unity.collab-proxy/Editor/StatusBar/WindowStatusBar.cs
  artifactKey: Guid(2dae17e8419667e46a2a476dd2cd18e0) Importer(2089858483,b0f066a214c2f5e87bad3c948f4d605d)
Start importing Packages/com.unity.collab-proxy/Editor/StatusBar/WindowStatusBar.cs using Guid(2dae17e8419667e46a2a476dd2cd18e0) Importer(2089858483,b0f066a214c2f5e87bad3c948f4d605d) (ScriptedImporter) -> (artifact id: 'e77ba2aca06abc5c6525ce9d18807efe') in 0.0151525 seconds
Number of updated asset objects reloaded before import = 0Number of asset objects unloaded after import = 0

========================================================================
Received Import Request.
  Time since last request: 0.000034 seconds.
  path: Packages/com.unity.collab-proxy/Editor/Diff/DiffMessagePanel.cs
  artifactKey: Guid(26e3da9604f1418d8da4a0b39108d6e7) Importer(2089858483,b0f066a214c2f5e87bad3c948f4d605d)
Start importing Packages/com.unity.collab-proxy/Editor/Diff/DiffMessagePanel.cs using Guid(26e3da9604f1418d8da4a0b39108d6e7) Importer(2089858483,b0f066a214c2f5e87bad3c948f4d605d) (ScriptedImporter) -> (artifact id: '52431f062087fc65b824207044b86dd3') in 0.0195827 seconds
Number of updated asset objects reloaded before import = 0Number of asset objects unloaded after import = 0

========================================================================
Received Import Request.
  Time since last request: 0.000037 seconds.
  path: Packages/com.unity.collab-proxy/Editor/Settings/OtherOptionsFoldout.cs
  artifactKey: Guid(05c0641719e74f058e7530b150336e82) Importer(2089858483,b0f066a214c2f5e87bad3c948f4d605d)
Start importing Packages/com.unity.collab-proxy/Editor/Settings/OtherOptionsFoldout.cs using Guid(05c0641719e74f058e7530b150336e82) Importer(2089858483,b0f066a214c2f5e87bad3c948f4d605d) (ScriptedImporter) -> (artifact id: 'bdc5783e6b6daec56cc0fdf09e5884df') in 0.0160848 seconds
Number of updated asset objects reloaded before import = 0Number of asset objects unloaded after import = 0

========================================================================
Received Import Request.
  Time since last request: 0.000033 seconds.
  path: Packages/com.unity.collab-proxy/Editor/Hub/ParseArguments.cs
  artifactKey: Guid(f6b5d170f39144847822c10b478f25e5) Importer(2089858483,b0f066a214c2f5e87bad3c948f4d605d)
Start importing Packages/com.unity.collab-proxy/Editor/Hub/ParseArguments.cs using Guid(f6b5d170f39144847822c10b478f25e5) Importer(2089858483,b0f066a214c2f5e87bad3c948f4d605d) (ScriptedImporter) -> (artifact id: '2ed33744d84122bb78fa620a50bd3dca') in 0.0153034 seconds
Number of updated asset objects reloaded before import = 0Number of asset objects unloaded after import = 0

========================================================================
Received Import Request.
  Time since last request: 0.000022 seconds.
  path: Packages/com.unity.collab-proxy/Editor/Entities/Unity.PlasticSCM.Editor.Entities.asmdef
  artifactKey: Guid(c24d342672367b243aff1910ea83a56d) Importer(2089858483,b0f066a214c2f5e87bad3c948f4d605d)
Start importing Packages/com.unity.collab-proxy/Editor/Entities/Unity.PlasticSCM.Editor.Entities.asmdef using Guid(c24d342672367b243aff1910ea83a56d) Importer(2089858483,b0f066a214c2f5e87bad3c948f4d605d) (ScriptedImporter) -> (artifact id: 'f046e36c523c38a8bdc0507148d386d9') in 0.0233591 seconds
Number of updated asset objects reloaded before import = 0Number of asset objects unloaded after import = 1

========================================================================
Received Import Request.
  Time since last request: 0.000022 seconds.
  path: Packages/com.unity.collab-proxy/Editor/Settings/ShelveAndSwitchOptionsFoldout.cs
  artifactKey: Guid(c64851962d9c48068897eb736be4bed1) Importer(2089858483,b0f066a214c2f5e87bad3c948f4d605d)
Start importing Packages/com.unity.collab-proxy/Editor/Settings/ShelveAndSwitchOptionsFoldout.cs using Guid(c64851962d9c48068897eb736be4bed1) Importer(2089858483,b0f066a214c2f5e87bad3c948f4d605d) (ScriptedImporter) -> (artifact id: 'db1c0d208a5edddc4c514ec5c0410877') in 0.0184948 seconds
Number of updated asset objects reloaded before import = 0Number of asset objects unloaded after import = 0

========================================================================
Received Import Request.
  Time since last request: 0.000021 seconds.
  path: Packages/com.unity.collab-proxy/Editor/UI/DialogWithCheckBox_Legacy.cs
  artifactKey: Guid(e26dd2ea146011948b8e7518465ea71a) Importer(2089858483,b0f066a214c2f5e87bad3c948f4d605d)
Start importing Packages/com.unity.collab-proxy/Editor/UI/DialogWithCheckBox_Legacy.cs using Guid(e26dd2ea146011948b8e7518465ea71a) Importer(2089858483,b0f066a214c2f5e87bad3c948f4d605d) (ScriptedImporter) -> (artifact id: '4ae69d3cb4403d6b9dc7653df90932e0') in 0.0174085 seconds
Number of updated asset objects reloaded before import = 0Number of asset objects unloaded after import = 0

========================================================================
Received Import Request.
  Time since last request: 0.000053 seconds.
  path: Packages/com.unity.collab-proxy/Editor/UI/ColorFromText.cs
  artifactKey: Guid(8b6dfd14d4f1481994014ade2c68e7b9) Importer(2089858483,b0f066a214c2f5e87bad3c948f4d605d)
Start importing Packages/com.unity.collab-proxy/Editor/UI/ColorFromText.cs using Guid(8b6dfd14d4f1481994014ade2c68e7b9) Importer(2089858483,b0f066a214c2f5e87bad3c948f4d605d) (ScriptedImporter) -> (artifact id: '692f7882fddb1a6006165d793b9b0aea') in 0.0194922 seconds
Number of updated asset objects reloaded before import = 0Number of asset objects unloaded after import = 0

========================================================================
Received Import Request.
  Time since last request: 0.000029 seconds.
  path: Packages/com.unity.collab-proxy/Editor/CodeEditor/TextEditor.cs
  artifactKey: Guid(4a1d41c16a2a049f389fd9cb47230775) Importer(2089858483,b0f066a214c2f5e87bad3c948f4d605d)
Start importing Packages/com.unity.collab-proxy/Editor/CodeEditor/TextEditor.cs using Guid(4a1d41c16a2a049f389fd9cb47230775) Importer(2089858483,b0f066a214c2f5e87bad3c948f4d605d) (ScriptedImporter) -> (artifact id: 'df193b1f0c112c7f6676830d6eed5b8c') in 0.0179577 seconds
Number of updated asset objects reloaded before import = 0Number of asset objects unloaded after import = 0

========================================================================
Received Import Request.
  Time since last request: 0.046134 seconds.
  path: Packages/com.unity.collab-proxy/Editor/UI/EntryBuilder.cs
  artifactKey: Guid(97b51e80cfabfe341958267f3d6c2ed6) Importer(2089858483,b0f066a214c2f5e87bad3c948f4d605d)
Start importing Packages/com.unity.collab-proxy/Editor/UI/EntryBuilder.cs using Guid(97b51e80cfabfe341958267f3d6c2ed6) Importer(2089858483,b0f066a214c2f5e87bad3c948f4d605d) (ScriptedImporter) -> (artifact id: '1259e95c65dc5952f0eab2e021e687e5') in 0.0176497 seconds
Number of updated asset objects reloaded before import = 0Number of asset objects unloaded after import = 0

========================================================================
Received Import Request.
  Time since last request: 0.000025 seconds.
  path: Packages/com.unity.collab-proxy/Editor/WebApi/CredentialsResponse.cs
  artifactKey: Guid(d1c46ccb760d06146a24b7e265e19566) Importer(2089858483,b0f066a214c2f5e87bad3c948f4d605d)
Start importing Packages/com.unity.collab-proxy/Editor/WebApi/CredentialsResponse.cs using Guid(d1c46ccb760d06146a24b7e265e19566) Importer(2089858483,b0f066a214c2f5e87bad3c948f4d605d) (ScriptedImporter) -> (artifact id: '5236ffa04bb226cbfba0ba0d657339e9') in 0.0147867 seconds
Number of updated asset objects reloaded before import = 0Number of asset objects unloaded after import = 0

========================================================================
Received Import Request.
  Time since last request: 0.000042 seconds.
  path: Packages/com.unity.collab-proxy/Editor/Assets/Images/buttonssosigninemail.png
  artifactKey: Guid(d24e7e0b75e1a244bb9687d6fd4315ef) Importer(2089858483,b0f066a214c2f5e87bad3c948f4d605d)
Start importing Packages/com.unity.collab-proxy/Editor/Assets/Images/buttonssosigninemail.png using Guid(d24e7e0b75e1a244bb9687d6fd4315ef) Importer(2089858483,b0f066a214c2f5e87bad3c948f4d605d) (ScriptedImporter) -> (artifact id: 'ea0a50e1a4d13b64a4890403e29dcbf5') in 0.0181764 seconds
Number of updated asset objects reloaded before import = 0Number of asset objects unloaded after import = 1

========================================================================
Received Import Request.
  Time since last request: 0.000019 seconds.
  path: Packages/com.unity.collab-proxy/Editor/Views/LaunchDiffOperations.cs
  artifactKey: Guid(6483fd05e8bf42a47aee5e11dbf6db8a) Importer(2089858483,b0f066a214c2f5e87bad3c948f4d605d)
Start importing Packages/com.unity.collab-proxy/Editor/Views/LaunchDiffOperations.cs using Guid(6483fd05e8bf42a47aee5e11dbf6db8a) Importer(2089858483,b0f066a214c2f5e87bad3c948f4d605d) (ScriptedImporter) -> (artifact id: '1bcfd6d59f2a1fa1225f93a52f51e256') in 0.0170657 seconds
Number of updated asset objects reloaded before import = 0Number of asset objects unloaded after import = 0

========================================================================
Received Import Request.
  Time since last request: 0.000024 seconds.
  path: Packages/com.unity.collab-proxy/Editor/Assets/Images/d_buttonssosigninemail@2x.png
  artifactKey: Guid(144aa74618b85974a9a50f612c2fa8fd) Importer(2089858483,b0f066a214c2f5e87bad3c948f4d605d)
Start importing Packages/com.unity.collab-proxy/Editor/Assets/Images/d_buttonssosigninemail@2x.png using Guid(144aa74618b85974a9a50f612c2fa8fd) Importer(2089858483,b0f066a214c2f5e87bad3c948f4d605d) (ScriptedImporter) -> (artifact id: '48061467a027ec1c6f35077c86cf2d94') in 0.0191531 seconds
Number of updated asset objects reloaded before import = 0Number of asset objects unloaded after import = 1

========================================================================
Received Import Request.
  Time since last request: 0.000018 seconds.
  path: Packages/com.unity.collab-proxy/Editor/UI/RectExtensions.cs
  artifactKey: Guid(ccc33cdb0ce54f878e30b674fe635381) Importer(2089858483,b0f066a214c2f5e87bad3c948f4d605d)
Start importing Packages/com.unity.collab-proxy/Editor/UI/RectExtensions.cs using Guid(ccc33cdb0ce54f878e30b674fe635381) Importer(2089858483,b0f066a214c2f5e87bad3c948f4d605d) (ScriptedImporter) -> (artifact id: 'a957ca90763d99b0ec0576614b0f1a94') in 0.0154925 seconds
Number of updated asset objects reloaded before import = 0Number of asset objects unloaded after import = 0

========================================================================
Received Import Request.
  Time since last request: 0.000019 seconds.
  path: Packages/com.unity.collab-proxy/Editor/UI/PathTrimming.cs
  artifactKey: Guid(c6a44f63ad4048afb913f7b9194abcb1) Importer(2089858483,b0f066a214c2f5e87bad3c948f4d605d)
Start importing Packages/com.unity.collab-proxy/Editor/UI/PathTrimming.cs using Guid(c6a44f63ad4048afb913f7b9194abcb1) Importer(2089858483,b0f066a214c2f5e87bad3c948f4d605d) (ScriptedImporter) -> (artifact id: '7b8474c77abb8729a5437b0583479970') in 0.01615 seconds
Number of updated asset objects reloaded before import = 0Number of asset objects unloaded after import = 0

========================================================================
Received Import Request.
  Time since last request: 0.000036 seconds.
  path: Packages/com.unity.collab-proxy/Editor/UI/Images.cs
  artifactKey: Guid(d765c78b18a58b14a986b34841ae9c52) Importer(2089858483,b0f066a214c2f5e87bad3c948f4d605d)
Start importing Packages/com.unity.collab-proxy/Editor/UI/Images.cs using Guid(d765c78b18a58b14a986b34841ae9c52) Importer(2089858483,b0f066a214c2f5e87bad3c948f4d605d) (ScriptedImporter) -> (artifact id: '59ebce5463182e1b28ea020d6558f4fb') in 0.0169005 seconds
Number of updated asset objects reloaded before import = 0Number of asset objects unloaded after import = 0

========================================================================
Received Import Request.
  Time since last request: 0.000021 seconds.
  path: Packages/com.unity.collab-proxy/Editor/_Deprecated/README.md
  artifactKey: Guid(9e56b150f059e654b911faff982eacf8) Importer(2089858483,b0f066a214c2f5e87bad3c948f4d605d)
Start importing Packages/com.unity.collab-proxy/Editor/_Deprecated/README.md using Guid(9e56b150f059e654b911faff982eacf8) Importer(2089858483,b0f066a214c2f5e87bad3c948f4d605d) (ScriptedImporter) -> (artifact id: '05cdc09393773ee0250bc5ef2545ece2') in 0.015183 seconds
Number of updated asset objects reloaded before import = 0Number of asset objects unloaded after import = 1

========================================================================
Received Import Request.
  Time since last request: 0.000024 seconds.
  path: Packages/com.unity.collab-proxy/Editor/UI/ResponseType.cs
  artifactKey: Guid(ba319c71501487041bda92a854e8435e) Importer(2089858483,b0f066a214c2f5e87bad3c948f4d605d)
Start importing Packages/com.unity.collab-proxy/Editor/UI/ResponseType.cs using Guid(ba319c71501487041bda92a854e8435e) Importer(2089858483,b0f066a214c2f5e87bad3c948f4d605d) (ScriptedImporter) -> (artifact id: 'adb3bef9c54eb25354d7b08571a93415') in 0.014698 seconds
Number of updated asset objects reloaded before import = 0Number of asset objects unloaded after import = 0

========================================================================
Received Import Request.
  Time since last request: 0.000021 seconds.
  path: Packages/com.unity.collab-proxy/Editor/Views/DateFilter.cs
  artifactKey: Guid(3a4d62c64067bca4cbbd6f7fcad2e190) Importer(2089858483,b0f066a214c2f5e87bad3c948f4d605d)
Start importing Packages/com.unity.collab-proxy/Editor/Views/DateFilter.cs using Guid(3a4d62c64067bca4cbbd6f7fcad2e190) Importer(2089858483,b0f066a214c2f5e87bad3c948f4d605d) (ScriptedImporter) -> (artifact id: '088158f9f17c76a3bc689ddffbbc2ced') in 0.0159034 seconds
Number of updated asset objects reloaded before import = 0Number of asset objects unloaded after import = 0

========================================================================
Received Import Request.
  Time since last request: 0.000058 seconds.
  path: Packages/com.unity.collab-proxy/Editor/WebApi/TokenExchangeResponse.cs
  artifactKey: Guid(4932f8b3d8c26804bb16dc5cb5b766ce) Importer(2089858483,b0f066a214c2f5e87bad3c948f4d605d)
Start importing Packages/com.unity.collab-proxy/Editor/WebApi/TokenExchangeResponse.cs using Guid(4932f8b3d8c26804bb16dc5cb5b766ce) Importer(2089858483,b0f066a214c2f5e87bad3c948f4d605d) (ScriptedImporter) -> (artifact id: '1d1b5b13877d561dfa3db4003a1b3f6a') in 0.0150302 seconds
Number of updated asset objects reloaded before import = 0Number of asset objects unloaded after import = 0

========================================================================
Received Import Request.
  Time since last request: 0.000032 seconds.
  path: Packages/com.unity.collab-proxy/Editor/UnityInternals/UVCSToolbarButton_Legacy.cs
  artifactKey: Guid(1b769279d1324508b645aea1a29bae8c) Importer(2089858483,b0f066a214c2f5e87bad3c948f4d605d)
Start importing Packages/com.unity.collab-proxy/Editor/UnityInternals/UVCSToolbarButton_Legacy.cs using Guid(1b769279d1324508b645aea1a29bae8c) Importer(2089858483,b0f066a214c2f5e87bad3c948f4d605d) (ScriptedImporter) -> (artifact id: '24a33dfa8a85b04325f91e8a52c31e39') in 0.0147885 seconds
Number of updated asset objects reloaded before import = 0Number of asset objects unloaded after import = 0

========================================================================
Received Import Request.
  Time since last request: 0.000029 seconds.
  path: Packages/com.unity.collab-proxy/Editor/UI/INotificationContent.cs
  artifactKey: Guid(2bd4f044bfa05a14ebd7f4e6dcd0fb74) Importer(2089858483,b0f066a214c2f5e87bad3c948f4d605d)
Start importing Packages/com.unity.collab-proxy/Editor/UI/INotificationContent.cs using Guid(2bd4f044bfa05a14ebd7f4e6dcd0fb74) Importer(2089858483,b0f066a214c2f5e87bad3c948f4d605d) (ScriptedImporter) -> (artifact id: 'eb8a5b9e756c14204080da4a3a262241') in 0.017393 seconds
Number of updated asset objects reloaded before import = 0Number of asset objects unloaded after import = 0

========================================================================
Received Import Request.
  Time since last request: 0.000020 seconds.
  path: Packages/com.unity.collab-proxy/Editor/AssetOverlays/Cache/LockStatusCache.cs
  artifactKey: Guid(953c29d2e0dece647a64940343c91547) Importer(2089858483,b0f066a214c2f5e87bad3c948f4d605d)
Start importing Packages/com.unity.collab-proxy/Editor/AssetOverlays/Cache/LockStatusCache.cs using Guid(953c29d2e0dece647a64940343c91547) Importer(2089858483,b0f066a214c2f5e87bad3c948f4d605d) (ScriptedImporter) -> (artifact id: '8eb9a041abfffe1016e4a674590111d6') in 0.0166354 seconds
Number of updated asset objects reloaded before import = 0Number of asset objects unloaded after import = 0

========================================================================
Received Import Request.
  Time since last request: 0.000020 seconds.
  path: Packages/com.unity.collab-proxy/Editor/Assets/Images/d_ArrowCaretRight@2x.png
  artifactKey: Guid(3943479b9e27741a78451950ae5841f6) Importer(2089858483,b0f066a214c2f5e87bad3c948f4d605d)
Start importing Packages/com.unity.collab-proxy/Editor/Assets/Images/d_ArrowCaretRight@2x.png using Guid(3943479b9e27741a78451950ae5841f6) Importer(2089858483,b0f066a214c2f5e87bad3c948f4d605d) (ScriptedImporter) -> (artifact id: 'a0350bfb2ac613c6d13e7feaba52a074') in 0.0259186 seconds
Number of updated asset objects reloaded before import = 0Number of asset objects unloaded after import = 3

========================================================================
Received Import Request.
  Time since last request: 0.000022 seconds.
  path: Packages/com.unity.collab-proxy/Editor/UI/GuiEnabled.cs
  artifactKey: Guid(3a4d828da4d125740924da08b5fbe1cb) Importer(2089858483,b0f066a214c2f5e87bad3c948f4d605d)
Start importing Packages/com.unity.collab-proxy/Editor/UI/GuiEnabled.cs using Guid(3a4d828da4d125740924da08b5fbe1cb) Importer(2089858483,b0f066a214c2f5e87bad3c948f4d605d) (ScriptedImporter) -> (artifact id: '44d3d431d240405031647829e586c506') in 0.0175298 seconds
Number of updated asset objects reloaded before import = 0Number of asset objects unloaded after import = 0

========================================================================
Received Import Request.
  Time since last request: 0.000038 seconds.
  path: Packages/com.unity.collab-proxy/Editor/AssetMenu/Dialogs/CheckinDialogOperations.cs
  artifactKey: Guid(c44a2ac668da0a04d9e567739215b2eb) Importer(2089858483,b0f066a214c2f5e87bad3c948f4d605d)
Start importing Packages/com.unity.collab-proxy/Editor/AssetMenu/Dialogs/CheckinDialogOperations.cs using Guid(c44a2ac668da0a04d9e567739215b2eb) Importer(2089858483,b0f066a214c2f5e87bad3c948f4d605d) (ScriptedImporter) -> (artifact id: '510a2e07e8d429e0d20e66048f8554a8') in 0.0137416 seconds
Number of updated asset objects reloaded before import = 0Number of asset objects unloaded after import = 0

========================================================================
Received Import Request.
  Time since last request: 0.000020 seconds.
  path: Packages/com.unity.collab-proxy/Editor/UI/GUIContentNotification.cs
  artifactKey: Guid(61c9e0bcd840dcb4f907e8cc9b89772a) Importer(2089858483,b0f066a214c2f5e87bad3c948f4d605d)
Start importing Packages/com.unity.collab-proxy/Editor/UI/GUIContentNotification.cs using Guid(61c9e0bcd840dcb4f907e8cc9b89772a) Importer(2089858483,b0f066a214c2f5e87bad3c948f4d605d) (ScriptedImporter) -> (artifact id: '0c045dfdc74629020269cdd6197e456a') in 0.0161322 seconds
Number of updated asset objects reloaded before import = 0Number of asset objects unloaded after import = 0

========================================================================
Received Import Request.
  Time since last request: 0.000024 seconds.
  path: Packages/com.unity.collab-proxy/Editor/Views/EnableSwitchAndShelveFeatureDialog.cs
  artifactKey: Guid(421fea03dd9d4ac089ca279ee87c573b) Importer(2089858483,b0f066a214c2f5e87bad3c948f4d605d)
Start importing Packages/com.unity.collab-proxy/Editor/Views/EnableSwitchAndShelveFeatureDialog.cs using Guid(421fea03dd9d4ac089ca279ee87c573b) Importer(2089858483,b0f066a214c2f5e87bad3c948f4d605d) (ScriptedImporter) -> (artifact id: '4ae858c0be9158479cc832b2d2a3b602') in 0.0198119 seconds
Number of updated asset objects reloaded before import = 0Number of asset objects unloaded after import = 0

========================================================================
Received Import Request.
  Time since last request: 0.000027 seconds.
  path: Packages/com.unity.collab-proxy/Editor/Assets/Images/buttonssosigninunity.png
  artifactKey: Guid(f9161c6c9e06dc445ada3ee16d991f90) Importer(2089858483,b0f066a214c2f5e87bad3c948f4d605d)
Start importing Packages/com.unity.collab-proxy/Editor/Assets/Images/buttonssosigninunity.png using Guid(f9161c6c9e06dc445ada3ee16d991f90) Importer(2089858483,b0f066a214c2f5e87bad3c948f4d605d) (ScriptedImporter) -> (artifact id: '7f8f6cd6fcd10eec8acd5d78f889c749') in 0.0262367 seconds
Number of updated asset objects reloaded before import = 0Number of asset objects unloaded after import = 1

========================================================================
Received Import Request.
  Time since last request: 1.771374 seconds.
  path: Packages/com.unity.collab-proxy/Editor/Assets/Images/d_iconadd.png
  artifactKey: Guid(864f64164beae6141b39879e1b6f4031) Importer(2089858483,b0f066a214c2f5e87bad3c948f4d605d)
Start importing Packages/com.unity.collab-proxy/Editor/Assets/Images/d_iconadd.png using Guid(864f64164beae6141b39879e1b6f4031) Importer(2089858483,b0f066a214c2f5e87bad3c948f4d605d) (ScriptedImporter) -> (artifact id: '262dc216d756cbe0f567e51556c8b9ae') in 0.0273845 seconds
Number of updated asset objects reloaded before import = 0Number of asset objects unloaded after import = 3

========================================================================
Received Import Request.
  Time since last request: 0.000023 seconds.
  path: Packages/com.unity.collab-proxy/Editor/Assets/Images/d_step2.png
  artifactKey: Guid(897c3a3f5c4038345a7143573bbb4a40) Importer(2089858483,b0f066a214c2f5e87bad3c948f4d605d)
Start importing Packages/com.unity.collab-proxy/Editor/Assets/Images/d_step2.png using Guid(897c3a3f5c4038345a7143573bbb4a40) Importer(2089858483,b0f066a214c2f5e87bad3c948f4d605d) (ScriptedImporter) -> (artifact id: 'd5bef392bffcdabf3d064170d87b71d0') in 0.0197508 seconds
Number of updated asset objects reloaded before import = 0Number of asset objects unloaded after import = 1

========================================================================
Received Import Request.
  Time since last request: 0.000017 seconds.
  path: Packages/com.unity.collab-proxy/Editor/Assets/Images/d_iconchangesets.png
  artifactKey: Guid(4da398eacd0c045bebf576a9f11339b0) Importer(2089858483,b0f066a214c2f5e87bad3c948f4d605d)
Start importing Packages/com.unity.collab-proxy/Editor/Assets/Images/d_iconchangesets.png using Guid(4da398eacd0c045bebf576a9f11339b0) Importer(2089858483,b0f066a214c2f5e87bad3c948f4d605d) (ScriptedImporter) -> (artifact id: 'e17f24a3d8891180eeaa56f405fcaf51') in 0.021186 seconds
Number of updated asset objects reloaded before import = 0Number of asset objects unloaded after import = 3

========================================================================
Received Import Request.
  Time since last request: 0.000034 seconds.
  path: Packages/com.unity.collab-proxy/Editor/Assets/Images/d_iconclipboard@2x.png
  artifactKey: Guid(c115023c6a2060d4da6a7684bd40c5c0) Importer(2089858483,b0f066a214c2f5e87bad3c948f4d605d)
Start importing Packages/com.unity.collab-proxy/Editor/Assets/Images/d_iconclipboard@2x.png using Guid(c115023c6a2060d4da6a7684bd40c5c0) Importer(2089858483,b0f066a214c2f5e87bad3c948f4d605d) (ScriptedImporter) -> (artifact id: 'cbadac5711f345d409af10e5530d612c') in 0.0204205 seconds
Number of updated asset objects reloaded before import = 0Number of asset objects unloaded after import = 3

========================================================================
Received Import Request.
  Time since last request: 0.000018 seconds.
  path: Packages/com.unity.collab-proxy/Editor/Assets/Images/d_iconbranches@2x.png
  artifactKey: Guid(874d8401331ede14087e8d8d486ddda6) Importer(2089858483,b0f066a214c2f5e87bad3c948f4d605d)
Start importing Packages/com.unity.collab-proxy/Editor/Assets/Images/d_iconbranches@2x.png using Guid(874d8401331ede14087e8d8d486ddda6) Importer(2089858483,b0f066a214c2f5e87bad3c948f4d605d) (ScriptedImporter) -> (artifact id: 'afb7995636eb2191017fc7533cc1bd6b') in 0.0207632 seconds
Number of updated asset objects reloaded before import = 0Number of asset objects unloaded after import = 1

========================================================================
Received Import Request.
  Time since last request: 0.000018 seconds.
  path: Packages/com.unity.collab-proxy/Editor/Assets/Images/d_secondarytabclose.png
  artifactKey: Guid(6975ee4c1f40caf4da8dd733ee2cfeaf) Importer(2089858483,b0f066a214c2f5e87bad3c948f4d605d)
Start importing Packages/com.unity.collab-proxy/Editor/Assets/Images/d_secondarytabclose.png using Guid(6975ee4c1f40caf4da8dd733ee2cfeaf) Importer(2089858483,b0f066a214c2f5e87bad3c948f4d605d) (ScriptedImporter) -> (artifact id: '4c4b66b7b237897869ce448961ae2759') in 0.0181246 seconds
Number of updated asset objects reloaded before import = 0Number of asset objects unloaded after import = 1

========================================================================
Received Import Request.
  Time since last request: 0.000019 seconds.
  path: Packages/com.unity.collab-proxy/Editor/Assets/Images/d_iconbrex@2x.png
  artifactKey: Guid(9b76c79563c3a274aa48b0dbdf009693) Importer(2089858483,b0f066a214c2f5e87bad3c948f4d605d)
Start importing Packages/com.unity.collab-proxy/Editor/Assets/Images/d_iconbrex@2x.png using Guid(9b76c79563c3a274aa48b0dbdf009693) Importer(2089858483,b0f066a214c2f5e87bad3c948f4d605d) (ScriptedImporter) -> (artifact id: 'f1a2cf83607a257d2eea0c407a9540cf') in 0.0179269 seconds
Number of updated asset objects reloaded before import = 0Number of asset objects unloaded after import = 3

========================================================================
Received Import Request.
  Time since last request: 0.000050 seconds.
  path: Packages/com.unity.collab-proxy/Editor/Assets/Images/d_iconlabel.png
  artifactKey: Guid(e1e64e28e7631534d8408668bcb82502) Importer(2089858483,b0f066a214c2f5e87bad3c948f4d605d)
Start importing Packages/com.unity.collab-proxy/Editor/Assets/Images/d_iconlabel.png using Guid(e1e64e28e7631534d8408668bcb82502) Importer(2089858483,b0f066a214c2f5e87bad3c948f4d605d) (ScriptedImporter) -> (artifact id: 'c15a573d32ec14321367a4066e0bcd6e') in 0.018365 seconds
Number of updated asset objects reloaded before import = 0Number of asset objects unloaded after import = 3

========================================================================
Received Import Request.
  Time since last request: 0.000019 seconds.
  path: Packages/com.unity.collab-proxy/Editor/Assets/Images/d_iconbranches.png
  artifactKey: Guid(612c5e166a121e3449dad067fbdc37a4) Importer(2089858483,b0f066a214c2f5e87bad3c948f4d605d)
Start importing Packages/com.unity.collab-proxy/Editor/Assets/Images/d_iconbranches.png using Guid(612c5e166a121e3449dad067fbdc37a4) Importer(2089858483,b0f066a214c2f5e87bad3c948f4d605d) (ScriptedImporter) -> (artifact id: '09e8cce806e0e8e7ceb6a4a0f9348edb') in 0.0156298 seconds
Number of updated asset objects reloaded before import = 0Number of asset objects unloaded after import = 1

========================================================================
Received Import Request.
  Time since last request: 0.000026 seconds.
  path: Packages/com.unity.collab-proxy/Editor/Assets/Images/d_iconbranch.png
  artifactKey: Guid(c1516142c0a669b42aecce30a3459017) Importer(2089858483,b0f066a214c2f5e87bad3c948f4d605d)
Start importing Packages/com.unity.collab-proxy/Editor/Assets/Images/d_iconbranch.png using Guid(c1516142c0a669b42aecce30a3459017) Importer(2089858483,b0f066a214c2f5e87bad3c948f4d605d) (ScriptedImporter) -> (artifact id: 'aaa0443fd38a264a08f23673e8221f85') in 0.0252475 seconds
Number of updated asset objects reloaded before import = 0Number of asset objects unloaded after import = 3

========================================================================
Received Import Request.
  Time since last request: 0.000023 seconds.
  path: Packages/com.unity.collab-proxy/Editor/Assets/Images/d_iconplasticnotifypendingchangesandincoming.png
  artifactKey: Guid(f180c6addffab449cb6897ba994abec5) Importer(2089858483,b0f066a214c2f5e87bad3c948f4d605d)
Start importing Packages/com.unity.collab-proxy/Editor/Assets/Images/d_iconplasticnotifypendingchangesandincoming.png using Guid(f180c6addffab449cb6897ba994abec5) Importer(2089858483,b0f066a214c2f5e87bad3c948f4d605d) (ScriptedImporter) -> (artifact id: '20a801ea2403fedc432a5de9ed5c6d70') in 0.0248329 seconds
Number of updated asset objects reloaded before import = 0Number of asset objects unloaded after import = 3

========================================================================
Received Import Request.
  Time since last request: 0.000022 seconds.
  path: Packages/com.unity.collab-proxy/Editor/Assets/Images/d_iconconflictedoverlay.png
  artifactKey: Guid(a892bcc7ae1871447926b3c44d158763) Importer(2089858483,b0f066a214c2f5e87bad3c948f4d605d)
Start importing Packages/com.unity.collab-proxy/Editor/Assets/Images/d_iconconflictedoverlay.png using Guid(a892bcc7ae1871447926b3c44d158763) Importer(2089858483,b0f066a214c2f5e87bad3c948f4d605d) (ScriptedImporter) -> (artifact id: '6d7f129cffe47dbb08943994067755d3') in 0.0173413 seconds
Number of updated asset objects reloaded before import = 0Number of asset objects unloaded after import = 1

========================================================================
Received Import Request.
  Time since last request: 0.000026 seconds.
  path: Packages/com.unity.collab-proxy/Editor/Assets/Images/d_stepok.png
  artifactKey: Guid(be423a54b981d38428de82ad12534629) Importer(2089858483,b0f066a214c2f5e87bad3c948f4d605d)
Start importing Packages/com.unity.collab-proxy/Editor/Assets/Images/d_stepok.png using Guid(be423a54b981d38428de82ad12534629) Importer(2089858483,b0f066a214c2f5e87bad3c948f4d605d) (ScriptedImporter) -> (artifact id: 'f3958951d6370bed65eb03815dd18c0e') in 0.0193687 seconds
Number of updated asset objects reloaded before import = 0Number of asset objects unloaded after import = 1

========================================================================
Received Import Request.
  Time since last request: 0.000018 seconds.
  path: Packages/com.unity.collab-proxy/Editor/Assets/Images/d_iconconflictedoverlay@2x.png
  artifactKey: Guid(a3ced8f7044b9de4787602a9e9b20ea7) Importer(2089858483,b0f066a214c2f5e87bad3c948f4d605d)
Start importing Packages/com.unity.collab-proxy/Editor/Assets/Images/d_iconconflictedoverlay@2x.png using Guid(a3ced8f7044b9de4787602a9e9b20ea7) Importer(2089858483,b0f066a214c2f5e87bad3c948f4d605d) (ScriptedImporter) -> (artifact id: '86ae79d28d25f5a9807c4dbe9ccfc0e2') in 0.0223452 seconds
Number of updated asset objects reloaded before import = 0Number of asset objects unloaded after import = 1

========================================================================
Received Import Request.
  Time since last request: 0.000028 seconds.
  path: Packages/com.unity.collab-proxy/Editor/Assets/Images/d_iconclosebutton@2x.png
  artifactKey: Guid(0525793900d728a42936791a8a6de63b) Importer(2089858483,b0f066a214c2f5e87bad3c948f4d605d)
Start importing Packages/com.unity.collab-proxy/Editor/Assets/Images/d_iconclosebutton@2x.png using Guid(0525793900d728a42936791a8a6de63b) Importer(2089858483,b0f066a214c2f5e87bad3c948f4d605d) (ScriptedImporter) -> (artifact id: 'cad3c0d442c03a1b163850306b8be986') in 0.0198858 seconds
Number of updated asset objects reloaded before import = 0Number of asset objects unloaded after import = 1

========================================================================
Received Import Request.
  Time since last request: 0.000018 seconds.
  path: Packages/com.unity.collab-proxy/Editor/Assets/Images/d_iconclouddriveview.png
  artifactKey: Guid(8b32b34c806b4de4cb7f04b3344b6966) Importer(2089858483,b0f066a214c2f5e87bad3c948f4d605d)
Start importing Packages/com.unity.collab-proxy/Editor/Assets/Images/d_iconclouddriveview.png using Guid(8b32b34c806b4de4cb7f04b3344b6966) Importer(2089858483,b0f066a214c2f5e87bad3c948f4d605d) (ScriptedImporter) -> (artifact id: '3acd519c6b738492cb27139d9e46c1dd') in 0.019217 seconds
Number of updated asset objects reloaded before import = 0Number of asset objects unloaded after import = 3

========================================================================
Received Import Request.
  Time since last request: 0.000023 seconds.
  path: Packages/com.unity.collab-proxy/Editor/Assets/Images/d_iconpackageupdateavailable.png
  artifactKey: Guid(1dc16508006061742a802767b556accc) Importer(2089858483,b0f066a214c2f5e87bad3c948f4d605d)
Start importing Packages/com.unity.collab-proxy/Editor/Assets/Images/d_iconpackageupdateavailable.png using Guid(1dc16508006061742a802767b556accc) Importer(2089858483,b0f066a214c2f5e87bad3c948f4d605d) (ScriptedImporter) -> (artifact id: 'a077eeae897d0677d43276fd9cf4a625') in 0.018937 seconds
Number of updated asset objects reloaded before import = 0Number of asset objects unloaded after import = 3

========================================================================
Received Import Request.
  Time since last request: 0.000017 seconds.
  path: Packages/com.unity.collab-proxy/Editor/Assets/Images/d_iconplasticview.png
  artifactKey: Guid(519d97e745e55f041b609f3666cbc037) Importer(2089858483,b0f066a214c2f5e87bad3c948f4d605d)
Start importing Packages/com.unity.collab-proxy/Editor/Assets/Images/d_iconplasticview.png using Guid(519d97e745e55f041b609f3666cbc037) Importer(2089858483,b0f066a214c2f5e87bad3c948f4d605d) (ScriptedImporter) -> (artifact id: '5b57b0d4d48b3f5ce3cf39f117ec8299') in 0.0175032 seconds
Number of updated asset objects reloaded before import = 0Number of asset objects unloaded after import = 1

========================================================================
Received Import Request.
  Time since last request: 0.000022 seconds.
  path: Packages/com.unity.collab-proxy/Editor/Assets/Images/d_iconemptygravatar.png
  artifactKey: Guid(9aebd705574f9e642aef1e5f59b3e4d8) Importer(2089858483,b0f066a214c2f5e87bad3c948f4d605d)
Start importing Packages/com.unity.collab-proxy/Editor/Assets/Images/d_iconemptygravatar.png using Guid(9aebd705574f9e642aef1e5f59b3e4d8) Importer(2089858483,b0f066a214c2f5e87bad3c948f4d605d) (ScriptedImporter) -> (artifact id: 'c680c5759b79dadf66a565c0346ae641') in 0.0210725 seconds
Number of updated asset objects reloaded before import = 0Number of asset objects unloaded after import = 1

========================================================================
Received Import Request.
  Time since last request: 0.000088 seconds.
  path: Packages/com.unity.collab-proxy/Editor/Assets/Images/d_iconedit@2x.png
  artifactKey: Guid(a36e66e044a5fd94ca570351917c6bda) Importer(2089858483,b0f066a214c2f5e87bad3c948f4d605d)
Start importing Packages/com.unity.collab-proxy/Editor/Assets/Images/d_iconedit@2x.png using Guid(a36e66e044a5fd94ca570351917c6bda) Importer(2089858483,b0f066a214c2f5e87bad3c948f4d605d) (ScriptedImporter) -> (artifact id: '022dc821e39ce3adbcd5d847dc5ad1ec') in 0.0223223 seconds
Number of updated asset objects reloaded before import = 0Number of asset objects unloaded after import = 3

========================================================================
Received Import Request.
  Time since last request: 0.000021 seconds.
  path: Packages/com.unity.collab-proxy/Editor/Assets/Images/d_iconcheckedoutlocaloverlay.png
  artifactKey: Guid(bb1928aff4fd4cf44af1f629dc14ef9b) Importer(2089858483,b0f066a214c2f5e87bad3c948f4d605d)
Start importing Packages/com.unity.collab-proxy/Editor/Assets/Images/d_iconcheckedoutlocaloverlay.png using Guid(bb1928aff4fd4cf44af1f629dc14ef9b) Importer(2089858483,b0f066a214c2f5e87bad3c948f4d605d) (ScriptedImporter) -> (artifact id: 'cd4960aeadaae858e633caa37d1ff204') in 0.0201542 seconds
Number of updated asset objects reloaded before import = 0Number of asset objects unloaded after import = 1

========================================================================
Received Import Request.
  Time since last request: 0.000023 seconds.
  path: Packages/com.unity.collab-proxy/Editor/Assets/Images/iconclipboard.png
  artifactKey: Guid(8d91317e8f7610f41a30fcb9c0d99196) Importer(2089858483,b0f066a214c2f5e87bad3c948f4d605d)
Start importing Packages/com.unity.collab-proxy/Editor/Assets/Images/iconclipboard.png using Guid(8d91317e8f7610f41a30fcb9c0d99196) Importer(2089858483,b0f066a214c2f5e87bad3c948f4d605d) (ScriptedImporter) -> (artifact id: '28931810868a3950148f1d36aa607c94') in 0.0193755 seconds
Number of updated asset objects reloaded before import = 0Number of asset objects unloaded after import = 3

========================================================================
Received Import Request.
  Time since last request: 0.000025 seconds.
  path: Packages/com.unity.collab-proxy/Editor/Assets/Images/d_iconretainedoverlay@2x.png
  artifactKey: Guid(c34cd61ed96ff9a40a54e159467c5155) Importer(2089858483,b0f066a214c2f5e87bad3c948f4d605d)
Start importing Packages/com.unity.collab-proxy/Editor/Assets/Images/d_iconretainedoverlay@2x.png using Guid(c34cd61ed96ff9a40a54e159467c5155) Importer(2089858483,b0f066a214c2f5e87bad3c948f4d605d) (ScriptedImporter) -> (artifact id: 'd2afeadc4e910e81167d18510f0ebf25') in 0.0182509 seconds
Number of updated asset objects reloaded before import = 0Number of asset objects unloaded after import = 3

========================================================================
Received Import Request.
  Time since last request: 0.000020 seconds.
  path: Packages/com.unity.collab-proxy/Editor/Assets/Images/d_iconplasticview@2x.png
  artifactKey: Guid(3168140d6f409d0448447f18568d9482) Importer(2089858483,b0f066a214c2f5e87bad3c948f4d605d)
Start importing Packages/com.unity.collab-proxy/Editor/Assets/Images/d_iconplasticview@2x.png using Guid(3168140d6f409d0448447f18568d9482) Importer(2089858483,b0f066a214c2f5e87bad3c948f4d605d) (ScriptedImporter) -> (artifact id: '3e456cd71bb27048b745619ed0637408') in 0.0215483 seconds
Number of updated asset objects reloaded before import = 0Number of asset objects unloaded after import = 1

========================================================================
Received Import Request.
  Time since last request: 0.000026 seconds.
  path: Packages/com.unity.collab-proxy/Editor/Assets/Images/d_iconmergeview@2x.png
  artifactKey: Guid(5bc0112babc1a49bdbd1f6e5d9c13c7b) Importer(2089858483,b0f066a214c2f5e87bad3c948f4d605d)
Start importing Packages/com.unity.collab-proxy/Editor/Assets/Images/d_iconmergeview@2x.png using Guid(5bc0112babc1a49bdbd1f6e5d9c13c7b) Importer(2089858483,b0f066a214c2f5e87bad3c948f4d605d) (ScriptedImporter) -> (artifact id: '0cdd2da09cc14072374c9e0854ab3efb') in 0.0186728 seconds
Number of updated asset objects reloaded before import = 0Number of asset objects unloaded after import = 3

========================================================================
Received Import Request.
  Time since last request: 0.000024 seconds.
  path: Packages/com.unity.collab-proxy/Editor/Assets/Images/exclusionrule.png
  artifactKey: Guid(8ebb93c64d7a141569a153a9d4fe9ae2) Importer(2089858483,b0f066a214c2f5e87bad3c948f4d605d)
Start importing Packages/com.unity.collab-proxy/Editor/Assets/Images/exclusionrule.png using Guid(8ebb93c64d7a141569a153a9d4fe9ae2) Importer(2089858483,b0f066a214c2f5e87bad3c948f4d605d) (ScriptedImporter) -> (artifact id: 'e13879ac43b3efb0a5dd8731e9afa725') in 0.0203627 seconds
Number of updated asset objects reloaded before import = 0Number of asset objects unloaded after import = 3

========================================================================
Received Import Request.
  Time since last request: 0.000020 seconds.
  path: Packages/com.unity.collab-proxy/Editor/Assets/Images/d_iconpendingchangesview@2x.png
  artifactKey: Guid(16e2437bc79d04055b65b968f4eba9c0) Importer(2089858483,b0f066a214c2f5e87bad3c948f4d605d)
Start importing Packages/com.unity.collab-proxy/Editor/Assets/Images/d_iconpendingchangesview@2x.png using Guid(16e2437bc79d04055b65b968f4eba9c0) Importer(2089858483,b0f066a214c2f5e87bad3c948f4d605d) (ScriptedImporter) -> (artifact id: 'a84312a4caffbe6d7fd35cd863138c5e') in 0.0224285 seconds
Number of updated asset objects reloaded before import = 0Number of asset objects unloaded after import = 3

========================================================================
Received Import Request.
  Time since last request: 0.000019 seconds.
  path: Packages/com.unity.collab-proxy/Editor/Assets/Images/iconbrex.png
  artifactKey: Guid(87480bc179519ff4da25283c61c2573b) Importer(2089858483,b0f066a214c2f5e87bad3c948f4d605d)
Start importing Packages/com.unity.collab-proxy/Editor/Assets/Images/iconbrex.png using Guid(87480bc179519ff4da25283c61c2573b) Importer(2089858483,b0f066a214c2f5e87bad3c948f4d605d) (ScriptedImporter) -> (artifact id: '77de0a906c041c560a43590fcc9eac3d') in 0.0211134 seconds
Number of updated asset objects reloaded before import = 0Number of asset objects unloaded after import = 3

========================================================================
Received Import Request.
  Time since last request: 0.000024 seconds.
  path: Packages/com.unity.collab-proxy/Editor/Assets/Images/d_iconplasticnotifyconflict.png
  artifactKey: Guid(51582ae5ea51fa14996791a550f89473) Importer(2089858483,b0f066a214c2f5e87bad3c948f4d605d)
Start importing Packages/com.unity.collab-proxy/Editor/Assets/Images/d_iconplasticnotifyconflict.png using Guid(51582ae5ea51fa14996791a550f89473) Importer(2089858483,b0f066a214c2f5e87bad3c948f4d605d) (ScriptedImporter) -> (artifact id: 'e7969d21622e14b1ddb46782fbed8022') in 0.0204313 seconds
Number of updated asset objects reloaded before import = 0Number of asset objects unloaded after import = 1

========================================================================
Received Import Request.
  Time since last request: 1.400026 seconds.
  path: Packages/com.unity.collab-proxy/Editor/Assets/Images/icondeletedlocaloverlay.png
  artifactKey: Guid(cd221d2235472c94491e607ae42942dd) Importer(2089858483,b0f066a214c2f5e87bad3c948f4d605d)
Start importing Packages/com.unity.collab-proxy/Editor/Assets/Images/icondeletedlocaloverlay.png using Guid(cd221d2235472c94491e607ae42942dd) Importer(2089858483,b0f066a214c2f5e87bad3c948f4d605d) (ScriptedImporter) -> (artifact id: 'ae20009451a303ff7919938495548e21') in 0.01898 seconds
Number of updated asset objects reloaded before import = 0Number of asset objects unloaded after import = 3

========================================================================
Received Import Request.
  Time since last request: 0.000018 seconds.
  path: Packages/com.unity.collab-proxy/Editor/Assets/Images/iconmovedoverlay@2x.png
  artifactKey: Guid(c7bee029a895b44cfb249d7cd63d13af) Importer(2089858483,b0f066a214c2f5e87bad3c948f4d605d)
Start importing Packages/com.unity.collab-proxy/Editor/Assets/Images/iconmovedoverlay@2x.png using Guid(c7bee029a895b44cfb249d7cd63d13af) Importer(2089858483,b0f066a214c2f5e87bad3c948f4d605d) (ScriptedImporter) -> (artifact id: 'f3349aea4cca9316a7b6c26a79f37863') in 0.0180709 seconds
Number of updated asset objects reloaded before import = 0Number of asset objects unloaded after import = 3

========================================================================
Received Import Request.
  Time since last request: 0.000031 seconds.
  path: Packages/com.unity.collab-proxy/Editor/Assets/Images/iconplasticnotifypendingchanges@2x.png
  artifactKey: Guid(eb1c900f0d4a3ee42a9a49630bf88a12) Importer(2089858483,b0f066a214c2f5e87bad3c948f4d605d)
Start importing Packages/com.unity.collab-proxy/Editor/Assets/Images/iconplasticnotifypendingchanges@2x.png using Guid(eb1c900f0d4a3ee42a9a49630bf88a12) Importer(2089858483,b0f066a214c2f5e87bad3c948f4d605d) (ScriptedImporter) -> (artifact id: 'e013a9f78f727f088ac037106ae19fb3') in 0.0193243 seconds
Number of updated asset objects reloaded before import = 0Number of asset objects unloaded after import = 3

========================================================================
Received Import Request.
  Time since last request: 0.000018 seconds.
  path: Packages/com.unity.collab-proxy/Editor/CodeEditor/Document/DocumentLineTree.cs
  artifactKey: Guid(7d8e4407573404e26af41eacb660eb3e) Importer(2089858483,b0f066a214c2f5e87bad3c948f4d605d)
Start importing Packages/com.unity.collab-proxy/Editor/CodeEditor/Document/DocumentLineTree.cs using Guid(7d8e4407573404e26af41eacb660eb3e) Importer(2089858483,b0f066a214c2f5e87bad3c948f4d605d) (ScriptedImporter) -> (artifact id: '0979c375080bc4aa03f07a78ba0bfb1b') in 0.0150171 seconds
Number of updated asset objects reloaded before import = 0Number of asset objects unloaded after import = 0

========================================================================
Received Import Request.
  Time since last request: 0.000024 seconds.
  path: Packages/com.unity.collab-proxy/Editor/Assets/Images/iconretainedoverlay@2x.png
  artifactKey: Guid(a01087ce1455c7e4c8f2410c26afcfd2) Importer(2089858483,b0f066a214c2f5e87bad3c948f4d605d)
Start importing Packages/com.unity.collab-proxy/Editor/Assets/Images/iconretainedoverlay@2x.png using Guid(a01087ce1455c7e4c8f2410c26afcfd2) Importer(2089858483,b0f066a214c2f5e87bad3c948f4d605d) (ScriptedImporter) -> (artifact id: '307106e8cba9bca9cc15c31c3ff05e6c') in 0.0189085 seconds
Number of updated asset objects reloaded before import = 0Number of asset objects unloaded after import = 3

========================================================================
Received Import Request.
  Time since last request: 0.000023 seconds.
  path: Packages/com.unity.collab-proxy/Editor/Assets/Images/step3@2x.png
  artifactKey: Guid(36e6970b84831434a9eac79abd03700b) Importer(2089858483,b0f066a214c2f5e87bad3c948f4d605d)
Start importing Packages/com.unity.collab-proxy/Editor/Assets/Images/step3@2x.png using Guid(36e6970b84831434a9eac79abd03700b) Importer(2089858483,b0f066a214c2f5e87bad3c948f4d605d) (ScriptedImporter) -> (artifact id: '3f99fec6ddbeb5cd56388c6f2b6ceb3f') in 0.0198913 seconds
Number of updated asset objects reloaded before import = 0Number of asset objects unloaded after import = 1

========================================================================
Received Import Request.
  Time since last request: 0.000024 seconds.
  path: Packages/com.unity.collab-proxy/Editor/Assets/Images/step1@2x.png
  artifactKey: Guid(affeade9874cf2347abb155e8d0db4d8) Importer(2089858483,b0f066a214c2f5e87bad3c948f4d605d)
Start importing Packages/com.unity.collab-proxy/Editor/Assets/Images/step1@2x.png using Guid(affeade9874cf2347abb155e8d0db4d8) Importer(2089858483,b0f066a214c2f5e87bad3c948f4d605d) (ScriptedImporter) -> (artifact id: '5ba27371f12df3440d081b4490ebb48a') in 0.0190779 seconds
Number of updated asset objects reloaded before import = 0Number of asset objects unloaded after import = 1

========================================================================
Received Import Request.
  Time since last request: 0.000064 seconds.
  path: Packages/com.unity.collab-proxy/Editor/Assets/Images/iconplasticview.png
  artifactKey: Guid(dcb2ee37925b97e438ae244996d81a55) Importer(2089858483,b0f066a214c2f5e87bad3c948f4d605d)
Start importing Packages/com.unity.collab-proxy/Editor/Assets/Images/iconplasticview.png using Guid(dcb2ee37925b97e438ae244996d81a55) Importer(2089858483,b0f066a214c2f5e87bad3c948f4d605d) (ScriptedImporter) -> (artifact id: '8245a4232892624aae2232dafbfc4cef') in 0.019314 seconds
Number of updated asset objects reloaded before import = 0Number of asset objects unloaded after import = 1

========================================================================
Received Import Request.
  Time since last request: 0.000026 seconds.
  path: Packages/com.unity.collab-proxy/Editor/CodeEditor/Document/DocumentLine.LineNode.cs
  artifactKey: Guid(aba34a0d0084f48f19b98ac1c78902b5) Importer(2089858483,b0f066a214c2f5e87bad3c948f4d605d)
Start importing Packages/com.unity.collab-proxy/Editor/CodeEditor/Document/DocumentLine.LineNode.cs using Guid(aba34a0d0084f48f19b98ac1c78902b5) Importer(2089858483,b0f066a214c2f5e87bad3c948f4d605d) (ScriptedImporter) -> (artifact id: '866bc255fb659f5867c0dde5723195c6') in 0.0132926 seconds
Number of updated asset objects reloaded before import = 0Number of asset objects unloaded after import = 0

========================================================================
Received Import Request.
  Time since last request: 0.000019 seconds.
  path: Packages/com.unity.collab-proxy/Editor/CodeEditor/Document/LineManager.cs
  artifactKey: Guid(a8c19b64eb4ef43a2bdea621c5acaf14) Importer(2089858483,b0f066a214c2f5e87bad3c948f4d605d)
Start importing Packages/com.unity.collab-proxy/Editor/CodeEditor/Document/LineManager.cs using Guid(a8c19b64eb4ef43a2bdea621c5acaf14) Importer(2089858483,b0f066a214c2f5e87bad3c948f4d605d) (ScriptedImporter) -> (artifact id: 'd3345b9cb158292460add79eff4a728b') in 0.016852 seconds
Number of updated asset objects reloaded before import = 0Number of asset objects unloaded after import = 0

========================================================================
Received Import Request.
  Time since last request: 0.000024 seconds.
  path: Packages/com.unity.collab-proxy/Editor/Assets/Images/iconundo.png
  artifactKey: Guid(98773313eabe35543bfdbf542ccea271) Importer(2089858483,b0f066a214c2f5e87bad3c948f4d605d)
Start importing Packages/com.unity.collab-proxy/Editor/Assets/Images/iconundo.png using Guid(98773313eabe35543bfdbf542ccea271) Importer(2089858483,b0f066a214c2f5e87bad3c948f4d605d) (ScriptedImporter) -> (artifact id: 'f5cb2c7de30cdf15361ebf1b781d7b59') in 0.0205149 seconds
Number of updated asset objects reloaded before import = 0Number of asset objects unloaded after import = 1

========================================================================
Received Import Request.
  Time since last request: 0.000024 seconds.
  path: Packages/com.unity.collab-proxy/Editor/Assets/Images/iconoutofsync.png
  artifactKey: Guid(636d03a8834e3ed4cac3a1cb4b82deaf) Importer(2089858483,b0f066a214c2f5e87bad3c948f4d605d)
Start importing Packages/com.unity.collab-proxy/Editor/Assets/Images/iconoutofsync.png using Guid(636d03a8834e3ed4cac3a1cb4b82deaf) Importer(2089858483,b0f066a214c2f5e87bad3c948f4d605d) (ScriptedImporter) -> (artifact id: '2b535e1230e28861210ee2ee90e516d6') in 0.0232374 seconds
Number of updated asset objects reloaded before import = 0Number of asset objects unloaded after import = 1

========================================================================
Received Import Request.
  Time since last request: 0.000036 seconds.
  path: Packages/com.unity.collab-proxy/Editor/CodeEditor/Document/ITextSource.cs
  artifactKey: Guid(11f102ea76a834282a8a533f1a797d3e) Importer(2089858483,b0f066a214c2f5e87bad3c948f4d605d)
Start importing Packages/com.unity.collab-proxy/Editor/CodeEditor/Document/ITextSource.cs using Guid(11f102ea76a834282a8a533f1a797d3e) Importer(2089858483,b0f066a214c2f5e87bad3c948f4d605d) (ScriptedImporter) -> (artifact id: '2691fca9e126944b5b28b56650a22a46') in 0.0151248 seconds
Number of updated asset objects reloaded before import = 0Number of asset objects unloaded after import = 0

========================================================================
Received Import Request.
  Time since last request: 0.000020 seconds.
  path: Packages/com.unity.collab-proxy/Editor/CloudDrive/Welcome/WelcomeView.cs
  artifactKey: Guid(c0819a043e0c64a4780ca8ab3c311d07) Importer(2089858483,b0f066a214c2f5e87bad3c948f4d605d)
Start importing Packages/com.unity.collab-proxy/Editor/CloudDrive/Welcome/WelcomeView.cs using Guid(c0819a043e0c64a4780ca8ab3c311d07) Importer(2089858483,b0f066a214c2f5e87bad3c948f4d605d) (ScriptedImporter) -> (artifact id: '60f8c870e33be953b7a276b01005deb2') in 0.013702 seconds
Number of updated asset objects reloaded before import = 0Number of asset objects unloaded after import = 0

========================================================================
Received Import Request.
  Time since last request: 0.000016 seconds.
  path: Packages/com.unity.collab-proxy/Editor/Assets/Images/refresh@2x.png
  artifactKey: Guid(59571f82a0dc1a14da606dc0df6f8ea7) Importer(2089858483,b0f066a214c2f5e87bad3c948f4d605d)
Start importing Packages/com.unity.collab-proxy/Editor/Assets/Images/refresh@2x.png using Guid(59571f82a0dc1a14da606dc0df6f8ea7) Importer(2089858483,b0f066a214c2f5e87bad3c948f4d605d) (ScriptedImporter) -> (artifact id: 'e0e57abac64bc283d1b2ca74c8bc3c44') in 0.0187763 seconds
Number of updated asset objects reloaded before import = 0Number of asset objects unloaded after import = 1

========================================================================
Received Import Request.
  Time since last request: 0.000019 seconds.
  path: Packages/com.unity.collab-proxy/Editor/CodeEditor/Document/SimpleSegment.cs
  artifactKey: Guid(f3989142b33d44a0ca19788765ba05cc) Importer(2089858483,b0f066a214c2f5e87bad3c948f4d605d)
Start importing Packages/com.unity.collab-proxy/Editor/CodeEditor/Document/SimpleSegment.cs using Guid(f3989142b33d44a0ca19788765ba05cc) Importer(2089858483,b0f066a214c2f5e87bad3c948f4d605d) (ScriptedImporter) -> (artifact id: 'f59200ff091ee83eaf002002eefe2578') in 0.015545 seconds
Number of updated asset objects reloaded before import = 0Number of asset objects unloaded after import = 0

========================================================================
Received Import Request.
  Time since last request: 0.000019 seconds.
  path: Packages/com.unity.collab-proxy/Editor/CodeEditor/Document/ILineTracker.cs
  artifactKey: Guid(1bad6294dbf1045048f29381bfdf4961) Importer(2089858483,b0f066a214c2f5e87bad3c948f4d605d)
Start importing Packages/com.unity.collab-proxy/Editor/CodeEditor/Document/ILineTracker.cs using Guid(1bad6294dbf1045048f29381bfdf4961) Importer(2089858483,b0f066a214c2f5e87bad3c948f4d605d) (ScriptedImporter) -> (artifact id: '1fedf412d19f030eae5563366efcc901') in 0.0139237 seconds
Number of updated asset objects reloaded before import = 0Number of asset objects unloaded after import = 0

========================================================================
Received Import Request.
  Time since last request: 0.000027 seconds.
  path: Packages/com.unity.collab-proxy/Editor/Assets/Images/step2@2x.png
  artifactKey: Guid(0029170d14ce6c04c9f45c22cdae5559) Importer(2089858483,b0f066a214c2f5e87bad3c948f4d605d)
Start importing Packages/com.unity.collab-proxy/Editor/Assets/Images/step2@2x.png using Guid(0029170d14ce6c04c9f45c22cdae5559) Importer(2089858483,b0f066a214c2f5e87bad3c948f4d605d) (ScriptedImporter) -> (artifact id: '1bb622ccca68b8281a6cff3440be9240') in 0.0161612 seconds
Number of updated asset objects reloaded before import = 0Number of asset objects unloaded after import = 1

========================================================================
Received Import Request.
  Time since last request: 0.000020 seconds.
  path: Packages/com.unity.collab-proxy/Editor/Assets/Images/iconpackageupdateavailable.png
  artifactKey: Guid(e9cc02852345307449379a9a877679da) Importer(2089858483,b0f066a214c2f5e87bad3c948f4d605d)
Start importing Packages/com.unity.collab-proxy/Editor/Assets/Images/iconpackageupdateavailable.png using Guid(e9cc02852345307449379a9a877679da) Importer(2089858483,b0f066a214c2f5e87bad3c948f4d605d) (ScriptedImporter) -> (artifact id: '5cb45846df277592cadd7b5e31cd5790') in 0.0193458 seconds
Number of updated asset objects reloaded before import = 0Number of asset objects unloaded after import = 3

========================================================================
Received Import Request.
  Time since last request: 0.000024 seconds.
  path: Packages/com.unity.collab-proxy/Editor/AssetsUtils/Processor/AssetsProcessor.cs
  artifactKey: Guid(71cb30384b5f8d64ea7df220cff88d0c) Importer(2089858483,b0f066a214c2f5e87bad3c948f4d605d)
Start importing Packages/com.unity.collab-proxy/Editor/AssetsUtils/Processor/AssetsProcessor.cs using Guid(71cb30384b5f8d64ea7df220cff88d0c) Importer(2089858483,b0f066a214c2f5e87bad3c948f4d605d) (ScriptedImporter) -> (artifact id: '0feeca40b525976083341966a06e0337') in 0.0193773 seconds
Number of updated asset objects reloaded before import = 0Number of asset objects unloaded after import = 0

========================================================================
Received Import Request.
  Time since last request: 0.000019 seconds.
  path: Packages/com.unity.collab-proxy/Editor/Assets/Images/iconpressedclosebutton.png
  artifactKey: Guid(94fe868620119564f9474f40cd6145aa) Importer(2089858483,b0f066a214c2f5e87bad3c948f4d605d)
Start importing Packages/com.unity.collab-proxy/Editor/Assets/Images/iconpressedclosebutton.png using Guid(94fe868620119564f9474f40cd6145aa) Importer(2089858483,b0f066a214c2f5e87bad3c948f4d605d) (ScriptedImporter) -> (artifact id: 'cb507d7ac5f376ddc07524ea9745e9a6') in 0.0206387 seconds
Number of updated asset objects reloaded before import = 0Number of asset objects unloaded after import = 1

========================================================================
Received Import Request.
  Time since last request: 0.000017 seconds.
  path: Packages/com.unity.collab-proxy/Editor/CodeEditor/Document/TextSegment.cs
  artifactKey: Guid(3a70b5eaccc1e42a99eadc319fa45595) Importer(2089858483,b0f066a214c2f5e87bad3c948f4d605d)
Start importing Packages/com.unity.collab-proxy/Editor/CodeEditor/Document/TextSegment.cs using Guid(3a70b5eaccc1e42a99eadc319fa45595) Importer(2089858483,b0f066a214c2f5e87bad3c948f4d605d) (ScriptedImporter) -> (artifact id: 'c6e091aaed59bf62d34620d55c41f99c') in 0.0136365 seconds
Number of updated asset objects reloaded before import = 0Number of asset objects unloaded after import = 0

========================================================================
Received Import Request.
  Time since last request: 0.000032 seconds.
  path: Packages/com.unity.collab-proxy/Editor/Assets/Styles/OrganizationPanel.uss
  artifactKey: Guid(642639f75f2dfbd4ab01e6708b58f304) Importer(2089858483,b0f066a214c2f5e87bad3c948f4d605d)
Start importing Packages/com.unity.collab-proxy/Editor/Assets/Styles/OrganizationPanel.uss using Guid(642639f75f2dfbd4ab01e6708b58f304) Importer(2089858483,b0f066a214c2f5e87bad3c948f4d605d) (ScriptedImporter) -> (artifact id: '16af6ee51572b4bcd2ec6efa7cdde11e') in 0.026813 seconds
Number of updated asset objects reloaded before import = 0Number of asset objects unloaded after import = 2

========================================================================
Received Import Request.
  Time since last request: 0.000015 seconds.
  path: Packages/com.unity.collab-proxy/Editor/Assets/Layouts/SignInPanel.uxml
  artifactKey: Guid(18b097dd2d10fb442a321314f4541401) Importer(2089858483,b0f066a214c2f5e87bad3c948f4d605d)
Start importing Packages/com.unity.collab-proxy/Editor/Assets/Layouts/SignInPanel.uxml using Guid(18b097dd2d10fb442a321314f4541401) Importer(2089858483,b0f066a214c2f5e87bad3c948f4d605d) (ScriptedImporter) -> (artifact id: '9ec69f013c913c892e91c9c09dfca5ec') in 0.0684892 seconds
Number of updated asset objects reloaded before import = 0Number of asset objects unloaded after import = 2

========================================================================
Received Import Request.
  Time since last request: 0.000015 seconds.
  path: Packages/com.unity.collab-proxy/Editor/Assets/Images/iconinviteusers.png
  artifactKey: Guid(40e23f4f2fddc724db517c63f4d8990d) Importer(2089858483,b0f066a214c2f5e87bad3c948f4d605d)
Start importing Packages/com.unity.collab-proxy/Editor/Assets/Images/iconinviteusers.png using Guid(40e23f4f2fddc724db517c63f4d8990d) Importer(2089858483,b0f066a214c2f5e87bad3c948f4d605d) (ScriptedImporter) -> (artifact id: 'bd0d188ed479d08dbaa8025538946f9b') in 0.016982 seconds
Number of updated asset objects reloaded before import = 0Number of asset objects unloaded after import = 3

========================================================================
Received Import Request.
  Time since last request: 0.000017 seconds.
  path: Packages/com.unity.collab-proxy/Editor/Assets/Images/iconhistory.png
  artifactKey: Guid(f42a69ee6b34c4a8eb57e17686d6ab67) Importer(2089858483,b0f066a214c2f5e87bad3c948f4d605d)
Start importing Packages/com.unity.collab-proxy/Editor/Assets/Images/iconhistory.png using Guid(f42a69ee6b34c4a8eb57e17686d6ab67) Importer(2089858483,b0f066a214c2f5e87bad3c948f4d605d) (ScriptedImporter) -> (artifact id: 'ae43851d8d2a3662ad1de4fc0e0c53e7') in 0.0189384 seconds
Number of updated asset objects reloaded before import = 0Number of asset objects unloaded after import = 3

========================================================================
Received Import Request.
  Time since last request: 0.000018 seconds.
  path: Packages/com.unity.collab-proxy/Editor/Assets/Images/iconzoomout.png
  artifactKey: Guid(0727168a534af3641a8e744834225825) Importer(2089858483,b0f066a214c2f5e87bad3c948f4d605d)
Start importing Packages/com.unity.collab-proxy/Editor/Assets/Images/iconzoomout.png using Guid(0727168a534af3641a8e744834225825) Importer(2089858483,b0f066a214c2f5e87bad3c948f4d605d) (ScriptedImporter) -> (artifact id: 'c5ae407cc45ebca25bda83940808052c') in 0.0204006 seconds
Number of updated asset objects reloaded before import = 0Number of asset objects unloaded after import = 3

========================================================================
Received Import Request.
  Time since last request: 0.000025 seconds.
  path: Packages/com.unity.collab-proxy/Editor/CloudDrive/CreateWorkspace/CreateWorkspacePanel.cs
  artifactKey: Guid(abdd7cad9f7d58546ac746130105711a) Importer(2089858483,b0f066a214c2f5e87bad3c948f4d605d)
Start importing Packages/com.unity.collab-proxy/Editor/CloudDrive/CreateWorkspace/CreateWorkspacePanel.cs using Guid(abdd7cad9f7d58546ac746130105711a) Importer(2089858483,b0f066a214c2f5e87bad3c948f4d605d) (ScriptedImporter) -> (artifact id: '8dcfe601e8308ed604689ae620f2224e') in 0.0142259 seconds
Number of updated asset objects reloaded before import = 0Number of asset objects unloaded after import = 0

========================================================================
Received Import Request.
  Time since last request: 0.000018 seconds.
  path: Packages/com.unity.collab-proxy/Editor/CodeEditor/Document/TextSourceVersionProvider.cs
  artifactKey: Guid(17cae8c12182e4a88b5695b1b2eea5cd) Importer(2089858483,b0f066a214c2f5e87bad3c948f4d605d)
Start importing Packages/com.unity.collab-proxy/Editor/CodeEditor/Document/TextSourceVersionProvider.cs using Guid(17cae8c12182e4a88b5695b1b2eea5cd) Importer(2089858483,b0f066a214c2f5e87bad3c948f4d605d) (ScriptedImporter) -> (artifact id: '22690d0ca0ce417e1b7be6b61a5af051') in 0.0153665 seconds
Number of updated asset objects reloaded before import = 0Number of asset objects unloaded after import = 0

========================================================================
Received Import Request.
  Time since last request: 0.000017 seconds.
  path: Packages/com.unity.collab-proxy/Editor/CodeEditor/Document/DocumentChangedEventArgs.cs
  artifactKey: Guid(719f01626c14c440c852febfcc5ecf9d) Importer(2089858483,b0f066a214c2f5e87bad3c948f4d605d)
Start importing Packages/com.unity.collab-proxy/Editor/CodeEditor/Document/DocumentChangedEventArgs.cs using Guid(719f01626c14c440c852febfcc5ecf9d) Importer(2089858483,b0f066a214c2f5e87bad3c948f4d605d) (ScriptedImporter) -> (artifact id: 'fd1fbec39b15fa8439d5c368598cb46e') in 0.0116004 seconds
Number of updated asset objects reloaded before import = 0Number of asset objects unloaded after import = 0

========================================================================
Received Import Request.
  Time since last request: 0.000015 seconds.
  path: Packages/com.unity.collab-proxy/Editor/CodeEditor/Document/TextAnchorTree.cs
  artifactKey: Guid(5a50ae8041732462c981b5464a2c568c) Importer(2089858483,b0f066a214c2f5e87bad3c948f4d605d)
Start importing Packages/com.unity.collab-proxy/Editor/CodeEditor/Document/TextAnchorTree.cs using Guid(5a50ae8041732462c981b5464a2c568c) Importer(2089858483,b0f066a214c2f5e87bad3c948f4d605d) (ScriptedImporter) -> (artifact id: '7ceb5c64c90686cab5428c73d842801c') in 0.0111254 seconds
Number of updated asset objects reloaded before import = 0Number of asset objects unloaded after import = 0

========================================================================
Received Import Request.
  Time since last request: 1.354641 seconds.
  path: Packages/com.unity.collab-proxy/Editor/CodeEditor/Document/UndoStack.cs
  artifactKey: Guid(fdc8bc956a06142009aad60c2e917c9b) Importer(2089858483,b0f066a214c2f5e87bad3c948f4d605d)
Start importing Packages/com.unity.collab-proxy/Editor/CodeEditor/Document/UndoStack.cs using Guid(fdc8bc956a06142009aad60c2e917c9b) Importer(2089858483,b0f066a214c2f5e87bad3c948f4d605d) (ScriptedImporter) -> (artifact id: 'beb084896ff25aff5e7df69a81871981') in 0.0134054 seconds
Number of updated asset objects reloaded before import = 0Number of asset objects unloaded after import = 0

========================================================================
Received Import Request.
  Time since last request: 0.000017 seconds.
  path: Packages/com.unity.collab-proxy/Editor/CodeEditor/Utils/BusyManager.cs
  artifactKey: Guid(a2601a7e62a84d3e95fe8be6d25a7280) Importer(2089858483,b0f066a214c2f5e87bad3c948f4d605d)
Start importing Packages/com.unity.collab-proxy/Editor/CodeEditor/Utils/BusyManager.cs using Guid(a2601a7e62a84d3e95fe8be6d25a7280) Importer(2089858483,b0f066a214c2f5e87bad3c948f4d605d) (ScriptedImporter) -> (artifact id: '93a891c76fc8bcb7c7847cf8c6124eb8') in 0.0129431 seconds
Number of updated asset objects reloaded before import = 0Number of asset objects unloaded after import = 0

========================================================================
Received Import Request.
  Time since last request: 0.000020 seconds.
  path: Packages/com.unity.collab-proxy/Editor/Views/BrowseRepository/BrowseRepositoryHeaderState.cs
  artifactKey: Guid(f3bae7db75ee4b749b96add6a75de44d) Importer(2089858483,b0f066a214c2f5e87bad3c948f4d605d)
Start importing Packages/com.unity.collab-proxy/Editor/Views/BrowseRepository/BrowseRepositoryHeaderState.cs using Guid(f3bae7db75ee4b749b96add6a75de44d) Importer(2089858483,b0f066a214c2f5e87bad3c948f4d605d) (ScriptedImporter) -> (artifact id: '4de441a1df21c974db5d93f4ee8c4ba3') in 0.0150243 seconds
Number of updated asset objects reloaded before import = 0Number of asset objects unloaded after import = 0

========================================================================
Received Import Request.
  Time since last request: 0.000025 seconds.
  path: Packages/com.unity.collab-proxy/Editor/CodeEditor/Utils/StringSegment.cs
  artifactKey: Guid(a52c35f662f24edfa2eb9af08478b6d6) Importer(2089858483,b0f066a214c2f5e87bad3c948f4d605d)
Start importing Packages/com.unity.collab-proxy/Editor/CodeEditor/Utils/StringSegment.cs using Guid(a52c35f662f24edfa2eb9af08478b6d6) Importer(2089858483,b0f066a214c2f5e87bad3c948f4d605d) (ScriptedImporter) -> (artifact id: '59dafe8240f9f6aec3fb08429e494eda') in 0.0119188 seconds
Number of updated asset objects reloaded before import = 0Number of asset objects unloaded after import = 0

========================================================================
Received Import Request.
  Time since last request: 0.000015 seconds.
  path: Packages/com.unity.collab-proxy/Editor/CodeEditor/Rendering/ColorizingTransformer.cs
  artifactKey: Guid(68d7cf500a1a483a91877267c234c1bc) Importer(2089858483,b0f066a214c2f5e87bad3c948f4d605d)
Start importing Packages/com.unity.collab-proxy/Editor/CodeEditor/Rendering/ColorizingTransformer.cs using Guid(68d7cf500a1a483a91877267c234c1bc) Importer(2089858483,b0f066a214c2f5e87bad3c948f4d605d) (ScriptedImporter) -> (artifact id: 'e44d5c0f85d32e0fbed4a2fb13b810b5') in 0.0114459 seconds
Number of updated asset objects reloaded before import = 0Number of asset objects unloaded after import = 0

========================================================================
Received Import Request.
  Time since last request: 0.000019 seconds.
  path: Packages/com.unity.collab-proxy/Editor/CodeEditor/Rendering/CollapsedLineSection.cs
  artifactKey: Guid(57aabb9a9c3b4759aa549ef5e8bf7f07) Importer(2089858483,b0f066a214c2f5e87bad3c948f4d605d)
Start importing Packages/com.unity.collab-proxy/Editor/CodeEditor/Rendering/CollapsedLineSection.cs using Guid(57aabb9a9c3b4759aa549ef5e8bf7f07) Importer(2089858483,b0f066a214c2f5e87bad3c948f4d605d) (ScriptedImporter) -> (artifact id: '5c0a1dbc4c7ca53805fbfe750d777a99') in 0.0125536 seconds
Number of updated asset objects reloaded before import = 0Number of asset objects unloaded after import = 0

========================================================================
Received Import Request.
  Time since last request: 0.000017 seconds.
  path: Packages/com.unity.collab-proxy/Editor/UI/UIElements/MouseEvents.cs
  artifactKey: Guid(317c87f583644be895fb6679dd000910) Importer(2089858483,b0f066a214c2f5e87bad3c948f4d605d)
Start importing Packages/com.unity.collab-proxy/Editor/UI/UIElements/MouseEvents.cs using Guid(317c87f583644be895fb6679dd000910) Importer(2089858483,b0f066a214c2f5e87bad3c948f4d605d) (ScriptedImporter) -> (artifact id: '14d04d31ff761df12868bf1ceedf67f9') in 0.0143627 seconds
Number of updated asset objects reloaded before import = 0Number of asset objects unloaded after import = 0

========================================================================
Received Import Request.
  Time since last request: 0.000016 seconds.
  path: Packages/com.unity.collab-proxy/Editor/UI/Errors/ErrorsPanel.cs
  artifactKey: Guid(79a84f5f92624d57ae40a84a53bd9d24) Importer(2089858483,b0f066a214c2f5e87bad3c948f4d605d)
Start importing Packages/com.unity.collab-proxy/Editor/UI/Errors/ErrorsPanel.cs using Guid(79a84f5f92624d57ae40a84a53bd9d24) Importer(2089858483,b0f066a214c2f5e87bad3c948f4d605d) (ScriptedImporter) -> (artifact id: '120c7a2e20f045689353fcc8b7ef0838') in 0.013096 seconds
Number of updated asset objects reloaded before import = 0Number of asset objects unloaded after import = 0

========================================================================
Received Import Request.
  Time since last request: 0.000020 seconds.
  path: Packages/com.unity.collab-proxy/Editor/CodeEditor/Utils/ImmutableStack.cs
  artifactKey: Guid(9f34ddd268be4f129abea2667eff4185) Importer(2089858483,b0f066a214c2f5e87bad3c948f4d605d)
Start importing Packages/com.unity.collab-proxy/Editor/CodeEditor/Utils/ImmutableStack.cs using Guid(9f34ddd268be4f129abea2667eff4185) Importer(2089858483,b0f066a214c2f5e87bad3c948f4d605d) (ScriptedImporter) -> (artifact id: 'dc5cc651a4d09df2351817173a42fee5') in 0.0150736 seconds
Number of updated asset objects reloaded before import = 0Number of asset objects unloaded after import = 0

========================================================================
Received Import Request.
  Time since last request: 0.000027 seconds.
  path: Packages/com.unity.collab-proxy/Editor/Views/BrowseRepository/BrowseRepositoryPanel.cs
  artifactKey: Guid(1f51551c797bb44418a61b0f18e6c604) Importer(2089858483,b0f066a214c2f5e87bad3c948f4d605d)
Start importing Packages/com.unity.collab-proxy/Editor/Views/BrowseRepository/BrowseRepositoryPanel.cs using Guid(1f51551c797bb44418a61b0f18e6c604) Importer(2089858483,b0f066a214c2f5e87bad3c948f4d605d) (ScriptedImporter) -> (artifact id: 'e4fdea5c717463d4fbe17f12adbdd628') in 0.0115557 seconds
Number of updated asset objects reloaded before import = 0Number of asset objects unloaded after import = 0

========================================================================
Received Import Request.
  Time since last request: 0.000016 seconds.
  path: Packages/com.unity.collab-proxy/Editor/Views/Diff/UnityDiffTree.cs
  artifactKey: Guid(e89b1e9e9f1060b4f817977507831248) Importer(2089858483,b0f066a214c2f5e87bad3c948f4d605d)
Start importing Packages/com.unity.collab-proxy/Editor/Views/Diff/UnityDiffTree.cs using Guid(e89b1e9e9f1060b4f817977507831248) Importer(2089858483,b0f066a214c2f5e87bad3c948f4d605d) (ScriptedImporter) -> (artifact id: '6a5d0c535cc1c8b1efd36c8dd2700326') in 0.0128055 seconds
Number of updated asset objects reloaded before import = 0Number of asset objects unloaded after import = 0

========================================================================
Received Import Request.
  Time since last request: 0.000017 seconds.
  path: Packages/com.unity.collab-proxy/Editor/UI/UIElements/OverlayProgressControls.cs
  artifactKey: Guid(0288f47d0c1f4195b1fdf2c90407c9c3) Importer(2089858483,b0f066a214c2f5e87bad3c948f4d605d)
Start importing Packages/com.unity.collab-proxy/Editor/UI/UIElements/OverlayProgressControls.cs using Guid(0288f47d0c1f4195b1fdf2c90407c9c3) Importer(2089858483,b0f066a214c2f5e87bad3c948f4d605d) (ScriptedImporter) -> (artifact id: 'fbf8e31e3bb3be94cc9905a83d290835') in 0.0138127 seconds
Number of updated asset objects reloaded before import = 0Number of asset objects unloaded after import = 0

========================================================================
Received Import Request.
  Time since last request: 0.000021 seconds.
  path: Packages/com.unity.collab-proxy/Editor/Views/Diff/DiffSelection.cs
  artifactKey: Guid(4ef5fb54cd29b40468eaf5a14e9845ed) Importer(2089858483,b0f066a214c2f5e87bad3c948f4d605d)
Start importing Packages/com.unity.collab-proxy/Editor/Views/Diff/DiffSelection.cs using Guid(4ef5fb54cd29b40468eaf5a14e9845ed) Importer(2089858483,b0f066a214c2f5e87bad3c948f4d605d) (ScriptedImporter) -> (artifact id: '32a9db802c7d1546648a464bc03db244') in 0.0138506 seconds
Number of updated asset objects reloaded before import = 0Number of asset objects unloaded after import = 0

========================================================================
Received Import Request.
  Time since last request: 0.000017 seconds.
  path: Packages/com.unity.collab-proxy/Editor/CodeEditor/Rendering/CharacterHit.cs
  artifactKey: Guid(f7bef4518e6241d5b7ef35e385385335) Importer(2089858483,b0f066a214c2f5e87bad3c948f4d605d)
Start importing Packages/com.unity.collab-proxy/Editor/CodeEditor/Rendering/CharacterHit.cs using Guid(f7bef4518e6241d5b7ef35e385385335) Importer(2089858483,b0f066a214c2f5e87bad3c948f4d605d) (ScriptedImporter) -> (artifact id: '954132823fd35799fdb89af163bf72ab') in 0.0127164 seconds
Number of updated asset objects reloaded before import = 0Number of asset objects unloaded after import = 0

========================================================================
Received Import Request.
  Time since last request: 0.000016 seconds.
  path: Packages/com.unity.collab-proxy/Editor/CodeEditor/Rendering/LinkElementGenerator.cs
  artifactKey: Guid(19c0616fcade47d78aaa68d248a445e3) Importer(2089858483,b0f066a214c2f5e87bad3c948f4d605d)
Start importing Packages/com.unity.collab-proxy/Editor/CodeEditor/Rendering/LinkElementGenerator.cs using Guid(19c0616fcade47d78aaa68d248a445e3) Importer(2089858483,b0f066a214c2f5e87bad3c948f4d605d) (ScriptedImporter) -> (artifact id: 'ee52f7bb3b6ec32cea9b9b65f610c81e') in 0.0127634 seconds
Number of updated asset objects reloaded before import = 0Number of asset objects unloaded after import = 0

========================================================================
Received Import Request.
  Time since last request: 0.000029 seconds.
  path: Packages/com.unity.collab-proxy/Editor/CodeEditor/Utils/CallbackOnDispose.cs
  artifactKey: Guid(cb2fb351949604785bb11ffdb44f18b7) Importer(2089858483,b0f066a214c2f5e87bad3c948f4d605d)
Start importing Packages/com.unity.collab-proxy/Editor/CodeEditor/Utils/CallbackOnDispose.cs using Guid(cb2fb351949604785bb11ffdb44f18b7) Importer(2089858483,b0f066a214c2f5e87bad3c948f4d605d) (ScriptedImporter) -> (artifact id: 'f1832a3bdbcc3a0c78b9882cd7b27b82') in 0.0141195 seconds
Number of updated asset objects reloaded before import = 0Number of asset objects unloaded after import = 0

========================================================================
Received Import Request.
  Time since last request: 0.000014 seconds.
  path: Packages/com.unity.collab-proxy/Editor/UI/Tree/TreeViewItemExtensions.cs
  artifactKey: Guid(250ef17e19e621047851bfae85fd84c8) Importer(2089858483,b0f066a214c2f5e87bad3c948f4d605d)
Start importing Packages/com.unity.collab-proxy/Editor/UI/Tree/TreeViewItemExtensions.cs using Guid(250ef17e19e621047851bfae85fd84c8) Importer(2089858483,b0f066a214c2f5e87bad3c948f4d605d) (ScriptedImporter) -> (artifact id: '3007520c18c9b8d8f32bf511ea1ce82c') in 0.0148089 seconds
Number of updated asset objects reloaded before import = 0Number of asset objects unloaded after import = 0

========================================================================
Received Import Request.
  Time since last request: 0.000015 seconds.
  path: Packages/com.unity.collab-proxy/Editor/Views/Changesets/ChangesetsTab.cs
  artifactKey: Guid(471badd5c87fb154885f11cdf1b49a00) Importer(2089858483,b0f066a214c2f5e87bad3c948f4d605d)
Start importing Packages/com.unity.collab-proxy/Editor/Views/Changesets/ChangesetsTab.cs using Guid(471badd5c87fb154885f11cdf1b49a00) Importer(2089858483,b0f066a214c2f5e87bad3c948f4d605d) (ScriptedImporter) -> (artifact id: '0b21b825656551b564d14d6214675f39') in 0.0131233 seconds
Number of updated asset objects reloaded before import = 0Number of asset objects unloaded after import = 0

========================================================================
Received Import Request.
  Time since last request: 0.000016 seconds.
  path: Packages/com.unity.collab-proxy/Editor/Developer/UpdateReport/UpdateReportListView.cs
  artifactKey: Guid(e8bf7425cfbdd094da5dc809a5eaa8ff) Importer(2089858483,b0f066a214c2f5e87bad3c948f4d605d)
Start importing Packages/com.unity.collab-proxy/Editor/Developer/UpdateReport/UpdateReportListView.cs using Guid(e8bf7425cfbdd094da5dc809a5eaa8ff) Importer(2089858483,b0f066a214c2f5e87bad3c948f4d605d) (ScriptedImporter) -> (artifact id: '5b1ae245048ba1c979ad5d969aac2df6') in 0.0126792 seconds
Number of updated asset objects reloaded before import = 0Number of asset objects unloaded after import = 0

========================================================================
Received Import Request.
  Time since last request: 0.000016 seconds.
  path: Packages/com.unity.collab-proxy/Editor/CodeEditor/Editing/IReadOnlySectionProvider.cs
  artifactKey: Guid(bf56682e6df72134b81925661287a663) Importer(2089858483,b0f066a214c2f5e87bad3c948f4d605d)
Start importing Packages/com.unity.collab-proxy/Editor/CodeEditor/Editing/IReadOnlySectionProvider.cs using Guid(bf56682e6df72134b81925661287a663) Importer(2089858483,b0f066a214c2f5e87bad3c948f4d605d) (ScriptedImporter) -> (artifact id: '76ac7b876d1ab0016f13591a53bdabd7') in 0.0122385 seconds
Number of updated asset objects reloaded before import = 0Number of asset objects unloaded after import = 0

========================================================================
Received Import Request.
  Time since last request: 0.000018 seconds.
  path: Packages/com.unity.collab-proxy/Editor/Hub/Operations/DownloadRepository.cs
  artifactKey: Guid(608efd4e185fb9440bb8550d98e20ca4) Importer(2089858483,b0f066a214c2f5e87bad3c948f4d605d)
Start importing Packages/com.unity.collab-proxy/Editor/Hub/Operations/DownloadRepository.cs using Guid(608efd4e185fb9440bb8550d98e20ca4) Importer(2089858483,b0f066a214c2f5e87bad3c948f4d605d) (ScriptedImporter) -> (artifact id: 'e1d97fa7c953bc75fdffb470b7a54439') in 0.0131046 seconds
Number of updated asset objects reloaded before import = 0Number of asset objects unloaded after import = 0

========================================================================
Received Import Request.
  Time since last request: 0.000026 seconds.
  path: Packages/com.unity.collab-proxy/Editor/CodeEditor/Utils/WeakEventManagerBase.cs
  artifactKey: Guid(49e8281cb9a76452484efab10014acf8) Importer(2089858483,b0f066a214c2f5e87bad3c948f4d605d)
Start importing Packages/com.unity.collab-proxy/Editor/CodeEditor/Utils/WeakEventManagerBase.cs using Guid(49e8281cb9a76452484efab10014acf8) Importer(2089858483,b0f066a214c2f5e87bad3c948f4d605d) (ScriptedImporter) -> (artifact id: 'ac27552aef130e78edd4be927dfdd7ae') in 0.0127302 seconds
Number of updated asset objects reloaded before import = 0Number of asset objects unloaded after import = 0

========================================================================
Received Import Request.
  Time since last request: 0.000015 seconds.
  path: Packages/com.unity.collab-proxy/Editor/CodeEditor/Utils/ExtensionMethods.cs
  artifactKey: Guid(4d6e238ada664d43b3e1f3652c5c7119) Importer(2089858483,b0f066a214c2f5e87bad3c948f4d605d)
Start importing Packages/com.unity.collab-proxy/Editor/CodeEditor/Utils/ExtensionMethods.cs using Guid(4d6e238ada664d43b3e1f3652c5c7119) Importer(2089858483,b0f066a214c2f5e87bad3c948f4d605d) (ScriptedImporter) -> (artifact id: 'f26b959d15a87e0d9c2f9e86ad10842a') in 0.0131541 seconds
Number of updated asset objects reloaded before import = 0Number of asset objects unloaded after import = 0

========================================================================
Received Import Request.
  Time since last request: 0.000017 seconds.
  path: Packages/com.unity.collab-proxy/Editor/UI/Tree/ListViewItemIds.cs
  artifactKey: Guid(8497dad3a6163fe40a30ca297edd7b2d) Importer(2089858483,b0f066a214c2f5e87bad3c948f4d605d)
Start importing Packages/com.unity.collab-proxy/Editor/UI/Tree/ListViewItemIds.cs using Guid(8497dad3a6163fe40a30ca297edd7b2d) Importer(2089858483,b0f066a214c2f5e87bad3c948f4d605d) (ScriptedImporter) -> (artifact id: '5d0aaa2a1e5d1e5ed972f8692b3d90f9') in 0.0148808 seconds
Number of updated asset objects reloaded before import = 0Number of asset objects unloaded after import = 0

========================================================================
Received Import Request.
  Time since last request: 0.000014 seconds.
  path: Packages/com.unity.collab-proxy/Editor/Views/History/HistorySelection.cs
  artifactKey: Guid(9553f392d0be2a24daf3cad457d2c612) Importer(2089858483,b0f066a214c2f5e87bad3c948f4d605d)
Start importing Packages/com.unity.collab-proxy/Editor/Views/History/HistorySelection.cs using Guid(9553f392d0be2a24daf3cad457d2c612) Importer(2089858483,b0f066a214c2f5e87bad3c948f4d605d) (ScriptedImporter) -> (artifact id: '1277e55ee032237fe2956183940386de') in 0.0137027 seconds
Number of updated asset objects reloaded before import = 0Number of asset objects unloaded after import = 0

========================================================================
Received Import Request.
  Time since last request: 0.000020 seconds.
  path: Packages/com.unity.collab-proxy/Editor/Views/CreateWorkspace/DrawCreateWorkspaceView.cs
  artifactKey: Guid(788db2c7ca3c2804d912f447ffc19856) Importer(2089858483,b0f066a214c2f5e87bad3c948f4d605d)
Start importing Packages/com.unity.collab-proxy/Editor/Views/CreateWorkspace/DrawCreateWorkspaceView.cs using Guid(788db2c7ca3c2804d912f447ffc19856) Importer(2089858483,b0f066a214c2f5e87bad3c948f4d605d) (ScriptedImporter) -> (artifact id: '8a08a6461ea9235d385037b64be24ce5') in 0.0151949 seconds
Number of updated asset objects reloaded before import = 0Number of asset objects unloaded after import = 0

========================================================================
Received Import Request.
  Time since last request: 0.000017 seconds.
  path: Packages/com.unity.collab-proxy/Editor/CodeEditor/Rendering/TextLayer.cs
  artifactKey: Guid(ab79da1819734438b1c811b17845aae6) Importer(2089858483,b0f066a214c2f5e87bad3c948f4d605d)
Start importing Packages/com.unity.collab-proxy/Editor/CodeEditor/Rendering/TextLayer.cs using Guid(ab79da1819734438b1c811b17845aae6) Importer(2089858483,b0f066a214c2f5e87bad3c948f4d605d) (ScriptedImporter) -> (artifact id: 'dce33ea61cea93d95bc5cb0d40e308d5') in 0.0143513 seconds
Number of updated asset objects reloaded before import = 0Number of asset objects unloaded after import = 0

========================================================================
Received Import Request.
  Time since last request: 0.000052 seconds.
  path: Packages/com.unity.collab-proxy/Editor/CodeEditor/TextMate/DocumentSnapshot.cs
  artifactKey: Guid(e7645ffe601f4ca9ac1285112b331d35) Importer(2089858483,b0f066a214c2f5e87bad3c948f4d605d)
Start importing Packages/com.unity.collab-proxy/Editor/CodeEditor/TextMate/DocumentSnapshot.cs using Guid(e7645ffe601f4ca9ac1285112b331d35) Importer(2089858483,b0f066a214c2f5e87bad3c948f4d605d) (ScriptedImporter) -> (artifact id: 'dce26cc3c1f11f3e3720fabcf6ae3b48') in 0.0147378 seconds
Number of updated asset objects reloaded before import = 0Number of asset objects unloaded after import = 0

========================================================================
Received Import Request.
  Time since last request: 0.000017 seconds.
  path: Packages/com.unity.collab-proxy/Editor/CodeEditor/Editing/EditingCommandHandler.cs
  artifactKey: Guid(6c67e63daeb772a4ca7887f421833c0c) Importer(2089858483,b0f066a214c2f5e87bad3c948f4d605d)
Start importing Packages/com.unity.collab-proxy/Editor/CodeEditor/Editing/EditingCommandHandler.cs using Guid(6c67e63daeb772a4ca7887f421833c0c) Importer(2089858483,b0f066a214c2f5e87bad3c948f4d605d) (ScriptedImporter) -> (artifact id: '40cf546d24cdb561fb49bbacbd19b279') in 0.0150196 seconds
Number of updated asset objects reloaded before import = 0Number of asset objects unloaded after import = 0

========================================================================
Received Import Request.
  Time since last request: 0.000015 seconds.
  path: Packages/com.unity.collab-proxy/Editor/Views/BranchExplorer/BranchExplorerView.cs
  artifactKey: Guid(b05368a4ef1a4635b2e0337c41502e63) Importer(2089858483,b0f066a214c2f5e87bad3c948f4d605d)
Start importing Packages/com.unity.collab-proxy/Editor/Views/BranchExplorer/BranchExplorerView.cs using Guid(b05368a4ef1a4635b2e0337c41502e63) Importer(2089858483,b0f066a214c2f5e87bad3c948f4d605d) (ScriptedImporter) -> (artifact id: '8fdab1b8edb3bde7879a53de8a8f30ae') in 0.0139049 seconds
Number of updated asset objects reloaded before import = 0Number of asset objects unloaded after import = 0

========================================================================
Received Import Request.
  Time since last request: 0.000016 seconds.
  path: Packages/com.unity.collab-proxy/Editor/Views/BranchExplorer/SelectedObjectDataUpdater.cs
  artifactKey: Guid(401c6c6a56164529a2624d9467eb46ca) Importer(2089858483,b0f066a214c2f5e87bad3c948f4d605d)
Start importing Packages/com.unity.collab-proxy/Editor/Views/BranchExplorer/SelectedObjectDataUpdater.cs using Guid(401c6c6a56164529a2624d9467eb46ca) Importer(2089858483,b0f066a214c2f5e87bad3c948f4d605d) (ScriptedImporter) -> (artifact id: '6c106b15cd852403a161d551a6986ac2') in 0.0134206 seconds
Number of updated asset objects reloaded before import = 0Number of asset objects unloaded after import = 0

========================================================================
Received Import Request.
  Time since last request: 0.000014 seconds.
  path: Packages/com.unity.collab-proxy/Editor/CodeEditor/Platform/KeyGesture.cs
  artifactKey: Guid(06d2ae5c2afa4cd5b639f474ecacbd5c) Importer(2089858483,b0f066a214c2f5e87bad3c948f4d605d)
Start importing Packages/com.unity.collab-proxy/Editor/CodeEditor/Platform/KeyGesture.cs using Guid(06d2ae5c2afa4cd5b639f474ecacbd5c) Importer(2089858483,b0f066a214c2f5e87bad3c948f4d605d) (ScriptedImporter) -> (artifact id: 'dc8042692f9ae5475bf54c864a01572e') in 0.0135192 seconds
Number of updated asset objects reloaded before import = 0Number of asset objects unloaded after import = 0

========================================================================
Received Import Request.
  Time since last request: 0.000018 seconds.
  path: Packages/com.unity.collab-proxy/Editor/CodeEditor/TextMate/TextEditorModel.cs
  artifactKey: Guid(9bcb62e10f5c4f029b5bc5046ed41d51) Importer(2089858483,b0f066a214c2f5e87bad3c948f4d605d)
Start importing Packages/com.unity.collab-proxy/Editor/CodeEditor/TextMate/TextEditorModel.cs using Guid(9bcb62e10f5c4f029b5bc5046ed41d51) Importer(2089858483,b0f066a214c2f5e87bad3c948f4d605d) (ScriptedImporter) -> (artifact id: '6f1db17b77050ff8b9944571f099cdde') in 0.0131193 seconds
Number of updated asset objects reloaded before import = 0Number of asset objects unloaded after import = 0

========================================================================
Received Import Request.
  Time since last request: 0.000026 seconds.
  path: Packages/com.unity.collab-proxy/Editor/Gluon/UpdateReport/UpdateReportListHeaderState.cs
  artifactKey: Guid(f40a58028b39d3f4bbebe1f6cf919271) Importer(2089858483,b0f066a214c2f5e87bad3c948f4d605d)
Start importing Packages/com.unity.collab-proxy/Editor/Gluon/UpdateReport/UpdateReportListHeaderState.cs using Guid(f40a58028b39d3f4bbebe1f6cf919271) Importer(2089858483,b0f066a214c2f5e87bad3c948f4d605d) (ScriptedImporter) -> (artifact id: '47e3ffd21e86a570105782a0f52c2017') in 0.0141743 seconds
Number of updated asset objects reloaded before import = 0Number of asset objects unloaded after import = 0

========================================================================
Received Import Request.
  Time since last request: 0.000020 seconds.
  path: Packages/com.unity.collab-proxy/Editor/Views/BranchExplorer/EmptyStateView.cs
  artifactKey: Guid(42dc3be94f914d4c886ba488248b16b2) Importer(2089858483,b0f066a214c2f5e87bad3c948f4d605d)
Start importing Packages/com.unity.collab-proxy/Editor/Views/BranchExplorer/EmptyStateView.cs using Guid(42dc3be94f914d4c886ba488248b16b2) Importer(2089858483,b0f066a214c2f5e87bad3c948f4d605d) (ScriptedImporter) -> (artifact id: 'c48712e9d3fb58bdc189c5fec217ef0b') in 0.0138444 seconds
Number of updated asset objects reloaded before import = 0Number of asset objects unloaded after import = 0

========================================================================
Received Import Request.
  Time since last request: 0.000015 seconds.
  path: Packages/com.unity.collab-proxy/Editor/UI/Progress/DrawProgressForOperations.cs
  artifactKey: Guid(aa1cd36edf652db46b5fa11c2ed355b9) Importer(2089858483,b0f066a214c2f5e87bad3c948f4d605d)
Start importing Packages/com.unity.collab-proxy/Editor/UI/Progress/DrawProgressForOperations.cs using Guid(aa1cd36edf652db46b5fa11c2ed355b9) Importer(2089858483,b0f066a214c2f5e87bad3c948f4d605d) (ScriptedImporter) -> (artifact id: '8b12fcd32f9301906bbbd4176e0450a5') in 0.0126774 seconds
Number of updated asset objects reloaded before import = 0Number of asset objects unloaded after import = 0

========================================================================
Received Import Request.
  Time since last request: 0.000015 seconds.
  path: Packages/com.unity.collab-proxy/Editor/Diff/Text/ContentControl.cs
  artifactKey: Guid(2c80adc488044eddbad72e2e92f8bba2) Importer(2089858483,b0f066a214c2f5e87bad3c948f4d605d)
Start importing Packages/com.unity.collab-proxy/Editor/Diff/Text/ContentControl.cs using Guid(2c80adc488044eddbad72e2e92f8bba2) Importer(2089858483,b0f066a214c2f5e87bad3c948f4d605d) (ScriptedImporter) -> (artifact id: '3b9b54c3d9a565f6c46a9d6a21dbaae3') in 0.0117287 seconds
Number of updated asset objects reloaded before import = 0Number of asset objects unloaded after import = 0

========================================================================
Received Import Request.
  Time since last request: 0.000020 seconds.
  path: Packages/com.unity.collab-proxy/Editor/CodeEditor/Platform/PlatformHotkeyConfiguration.cs
  artifactKey: Guid(0038f75bdeed4f27a4ff0d1a241932b6) Importer(2089858483,b0f066a214c2f5e87bad3c948f4d605d)
Start importing Packages/com.unity.collab-proxy/Editor/CodeEditor/Platform/PlatformHotkeyConfiguration.cs using Guid(0038f75bdeed4f27a4ff0d1a241932b6) Importer(2089858483,b0f066a214c2f5e87bad3c948f4d605d) (ScriptedImporter) -> (artifact id: '3f4f56350183456edfb55f428ae97e68') in 0.0135642 seconds
Number of updated asset objects reloaded before import = 0Number of asset objects unloaded after import = 0

========================================================================
Received Import Request.
  Time since last request: 0.000018 seconds.
  path: Packages/com.unity.collab-proxy/Editor/CodeEditor/Rendering/VisualLineElementGenerator.cs
  artifactKey: Guid(46c07c86cb754c3a9e8b5c018ec0b12b) Importer(2089858483,b0f066a214c2f5e87bad3c948f4d605d)
Start importing Packages/com.unity.collab-proxy/Editor/CodeEditor/Rendering/VisualLineElementGenerator.cs using Guid(46c07c86cb754c3a9e8b5c018ec0b12b) Importer(2089858483,b0f066a214c2f5e87bad3c948f4d605d) (ScriptedImporter) -> (artifact id: 'f30cd2e9168f440b9cb7091de8add5c2') in 0.0129801 seconds
Number of updated asset objects reloaded before import = 0Number of asset objects unloaded after import = 0

========================================================================
Received Import Request.
  Time since last request: 0.000030 seconds.
  path: Packages/com.unity.collab-proxy/Editor/CodeEditor/Utils/RopeNode.cs
  artifactKey: Guid(0641486b650184309b79f60e69b8a796) Importer(2089858483,b0f066a214c2f5e87bad3c948f4d605d)
Start importing Packages/com.unity.collab-proxy/Editor/CodeEditor/Utils/RopeNode.cs using Guid(0641486b650184309b79f60e69b8a796) Importer(2089858483,b0f066a214c2f5e87bad3c948f4d605d) (ScriptedImporter) -> (artifact id: '996756b6ea29de45030b307d8d969501') in 0.0145108 seconds
Number of updated asset objects reloaded before import = 0Number of asset objects unloaded after import = 0

========================================================================
Received Import Request.
  Time since last request: 0.000014 seconds.
  path: Packages/com.unity.collab-proxy/Editor/Views/BrowseRepository/BrowseRepositoryViewItem.cs
  artifactKey: Guid(10358899f0bd35840af31b6f9f5b4ac0) Importer(2089858483,b0f066a214c2f5e87bad3c948f4d605d)
Start importing Packages/com.unity.collab-proxy/Editor/Views/BrowseRepository/BrowseRepositoryViewItem.cs using Guid(10358899f0bd35840af31b6f9f5b4ac0) Importer(2089858483,b0f066a214c2f5e87bad3c948f4d605d) (ScriptedImporter) -> (artifact id: '03ea2d0922d03949d105dc31c29fa1ca') in 0.0142224 seconds
Number of updated asset objects reloaded before import = 0Number of asset objects unloaded after import = 0

========================================================================
Received Prepare
Begin MonoManager ReloadAssembly
- Loaded All Assemblies, in  0.795 seconds
Refreshing native plugins compatible for Editor in 0.93 ms, found 4 plugins.
Native extension for WindowsStandalone target not found
[Package Manager] Failed to launch server process. Reason: Unity was launched with the -noUpm command-line argument
[Package Manager] Unable to send message (not connected to server process).
[Package Manager] Cannot connect to Unity Package Manager local server
[Package Manager] Failed to launch server process. Reason: Unity was launched with the -noUpm command-line argument
[Package Manager] Unable to send message (not connected to server process).
[Package Manager] Cannot connect to Unity Package Manager local server
ScheduleIndexationOnStartup MainProcess:False IndexOnStartup:True
Mono: successfully reloaded assembly
- Finished resetting the current domain, in  0.848 seconds
Domain Reload Profiling: 1646ms
	BeginReloadAssembly (230ms)
		ExecutionOrderSort (0ms)
		DisableScriptedObjects (5ms)
		BackupInstance (0ms)
		ReleaseScriptingObjects (0ms)
		CreateAndSetChildDomain (58ms)
	RebuildCommonClasses (40ms)
	RebuildNativeTypeToScriptingClass (15ms)
	initialDomainReloadingComplete (27ms)
	LoadAllAssembliesAndSetupDomain (487ms)
		LoadAssemblies (386ms)
		RebuildTransferFunctionScriptingTraits (0ms)
		AnalyzeDomain (212ms)
			TypeCache.Refresh (8ms)
				TypeCache.ScanAssembly (0ms)
			BuildScriptInfoCaches (188ms)
			ResolveRequiredComponents (8ms)
	FinalizeReload (848ms)
		ReleaseScriptCaches (0ms)
		RebuildScriptCaches (0ms)
		SetupLoadedEditorAssemblies (679ms)
			LogAssemblyErrors (0ms)
			InitializePlatformSupportModulesInManaged (2ms)
			SetLoadedEditorAssemblies (3ms)
			BeforeProcessingInitializeOnLoad (131ms)
			ProcessInitializeOnLoadAttributes (467ms)
			ProcessInitializeOnLoadMethodAttributes (72ms)
			AfterProcessingInitializeOnLoad (4ms)
			EditorAssembliesLoaded (0ms)
		ExecutionOrderSort2 (0ms)
		AwakeInstancesAfterBackupRestoration (20ms)
Refreshing native plugins compatible for Editor in 1.35 ms, found 4 plugins.
Preloading 0 native plugins for Editor in 0.00 ms.
Unloading 16 Unused Serialized files (Serialized files now loaded: 0)
Unloading 6465 unused Assets / (4.3 MB). Loaded Objects now: 7280.
Memory consumption went from 168.6 MB to 164.3 MB.
Total: 10.944000 ms (FindLiveObjects: 0.968500 ms CreateObjectMapping: 0.563200 ms MarkObjects: 7.337100 ms  DeleteObjects: 2.073900 ms)

Prepare: number of updated asset objects reloaded= 0
Editor requested this worker to shutdown with reason: Scaling down because of idle timeout
AssetImportWorkerClient::OnTransportError - code=2 error=End of file
AssetImportWorker is now disconnected from the server
Process exiting
Exiting without the bug reporter. Application will terminate with return code 0